cityname,state,bedrooms,local_median_price,local_mean_price,local_price_std,comparison_group_size
Aberdeen,MD,1.0,1455.0,1455.0,0.0,1
Aberdeen,MD,2.0,1025.0,1025.0,0.0,1
Abilene,TX,1.0,905.0,811.0,152.04440140958823,5
Abilene,TX,3.0,635.0,635.0,0.0,1
Abingdon,MD,2.0,1120.0,1120.0,0.0,1
Abington,MA,2.0,1988.0,1988.0,0.0,1
Absecon,NJ,2.0,1285.0,1276.6666666666667,14.433756729740677,3
Acworth,GA,4.0,1399.0,1399.0,0.0,1
Addison,IL,1.0,1225.0,1225.0,0.0,1
Addison,TX,3.0,2525.0,2525.0,0.0,1
Adelphi,MD,1.0,1130.0,1130.0,0.0,1
Agoura Hills,CA,2.0,2425.0,2425.0,0.0,1
Aiea,HI,3.0,3295.0,3295.0,0.0,1
Akron,OH,1.0,645.0,645.0,0.0,1
Akron,OH,2.0,689.0,689.0,0.0,1
Alameda,CA,2.0,2595.0,2595.0,0.0,1
Albany,NY,1.0,948.5,948.5,2.1213203435596424,2
Albany,NY,2.0,875.0,875.0,0.0,1
Albuquerque,NM,1.0,750.0,894.875,400.94724893503314,8
Albuquerque,NM,2.0,1150.0,1150.0,91.28709291752767,4
Aledo,TX,3.0,2500.0,2500.0,0.0,1
Alexandria,LA,2.0,600.0,600.0,0.0,1
Alexandria,VA,1.0,1410.0,1425.0,232.0290930034421,5
Alexandria,VA,2.0,1413.0,1561.8333333333333,358.327457316163,6
Alexandria,VA,3.0,3200.0,3200.0,424.26406871192853,2
Alhambra,CA,3.0,2450.0,2450.0,0.0,1
Aliquippa,PA,2.0,1400.0,1400.0,0.0,1
Aliquippa,PA,3.0,1727.0,1675.6666666666667,352.81203683170065,3
Allendale,MI,5.0,1000.0,1000.0,0.0,1
Allston,MA,2.0,2626.0,2626.0,0.0,1
Allston,MA,4.0,3175.0,3175.0,0.0,1
Allston,MA,5.0,4500.0,4500.0,0.0,1
Aloha,OR,1.0,1150.0,1150.0,0.0,1
Aloha,OR,2.0,1325.0,1325.0,0.0,1
Alpharetta,GA,1.0,1253.5,1261.6666666666667,199.72147272305665,6
Alpharetta,GA,2.0,1518.5,1631.5833333333333,379.2908354795669,12
Alpharetta,GA,3.0,1713.5,1740.3333333333333,199.4007689721047,6
Alpine,CA,1.0,1350.0,1350.0,0.0,1
Altamonte Springs,FL,1.0,1009.0,1009.0,0.0,1
Altamonte Springs,FL,2.0,820.0,820.0,0.0,1
Altoona,IA,1.0,899.0,899.0,0.0,1
Altoona,IA,2.0,780.0,780.0,28.284271247461902,2
Altoona,IA,3.0,1450.0,1406.6666666666667,411.71389742554635,3
Alvin,TX,1.0,765.0,765.0,0.0,1
Amarillo,TX,1.0,585.0,637.0,130.0102560056962,4
Amarillo,TX,2.0,637.5,637.5,17.67766952966369,2
Amarillo,TX,3.0,1500.0,1583.3333333333333,236.29078131263046,3
Amelia,OH,2.0,890.0,890.0,0.0,1
American Canyon,CA,3.0,2400.0,2400.0,0.0,1
American Fork,UT,3.0,1599.0,1599.0,0.0,1
Ames,IA,1.0,790.0,760.2631578947369,100.7123748907767,19
Ames,IA,2.0,880.0,889.2424242424242,197.14414623300226,33
Ames,IA,3.0,1000.0,1062.2222222222222,283.59676335072396,18
Ames,IA,4.0,1500.0,1878.3333333333333,752.5678264006065,3
Amherst,NY,3.0,2025.0,2025.0,0.0,1
Amsterdam,NY,1.0,675.0,675.0,0.0,1
Anaheim,CA,1.0,1517.5,1540.0714285714287,236.46937166631903,14
Anaheim,CA,2.0,1927.5,1927.5,125.3328900701381,4
Anchorage,AK,0.0,815.0,815.0,0.0,1
Anchorage,AK,1.0,882.5,895.15,126.56567880998219,20
Anchorage,AK,2.0,975.0,1006.4,234.69518225014454,15
Anchorage,AK,3.0,1360.0,1360.0,0.0,1
Anderson,IN,1.0,630.0,645.3333333333334,48.83987441971298,3
Anderson,SC,1.0,811.5,811.5,263.75082938258225,2
Andover,MA,1.0,1654.5,1654.5,720.541810029092,2
Andover,MA,2.0,2690.0,2690.0,0.0,1
Angleton,TX,3.0,1150.0,1150.0,0.0,1
Ankeny,IA,3.0,1367.0,1367.0,0.0,1
Ann Arbor,MI,1.0,1219.0,1205.4615384615386,238.78777725022394,13
Ann Arbor,MI,2.0,1610.0,1854.75,789.2212934278953,4
Ann Arbor,MI,4.0,3950.0,3766.6666666666665,407.2263907623539,3
Ann Arbor,MI,5.0,4200.0,4200.0,0.0,1
Ann Arbor,MI,6.0,4430.0,4430.0,0.0,1
Annapolis,MD,1.0,1322.0,1322.0,0.0,1
Annapolis,MD,4.0,6500.0,6500.0,0.0,1
Anniston,AL,2.0,825.0,825.0,0.0,2
Anoka,MN,1.0,1200.0,1200.0,0.0,1
Ansonia,CT,0.0,750.0,750.0,0.0,1
Anthem,AZ,1.0,1045.0,1045.0,0.0,1
Antioch,TN,1.0,720.0,720.0,98.99494936611666,2
Antioch,TN,2.0,1359.0,1414.0,113.02654555457315,3
Antioch,TN,3.0,1599.0,1382.6666666666667,374.7003247040671,3
Apache Junction,AZ,1.0,700.0,700.0,0.0,1
Apex,NC,1.0,953.0,961.0,42.467634735172155,5
Apex,NC,2.0,1069.0,1113.0,124.59200081332136,13
Apex,NC,3.0,1515.0,1488.0,176.04355521669441,4
Apex,NC,4.0,1450.0,1450.0,0.0,1
Apopka,FL,1.0,1190.0,1190.0,0.0,1
Apopka,FL,3.0,1675.0,1675.0,0.0,1
Apopka,FL,4.0,2500.0,2500.0,0.0,1
Apple Valley,MN,3.0,1499.0,1499.0,0.0,1
Appleton,WI,2.0,789.0,813.6666666666666,78.94512862319836,3
Arcadia,CA,2.0,2350.0,2216.6666666666665,275.37852736430517,3
Arcadia,CA,3.0,2675.0,2675.0,176.7766952966369,2
Arlington,MA,1.0,2300.0,2300.0,0.0,1
Arlington,MA,2.0,2200.0,2200.0,0.0,1
Arlington,MA,4.0,4500.0,4500.0,0.0,1
Arlington,TX,1.0,945.0,919.1304347826087,130.42667893140225,23
Arlington,TX,2.0,1180.0,1156.25,166.42069530586318,24
Arlington,TX,3.0,1540.0,1537.6666666666667,205.22548574677558,9
Arlington,TX,4.0,1899.0,1899.0,0.0,1
Arlington,VA,0.0,1599.0,1585.7272727272727,282.19535464252084,11
Arlington,VA,1.0,1926.0,1841.3636363636363,402.36656738036095,11
Arlington,VA,2.0,2026.5,1938.0,272.4787453484522,4
Arlington,VA,3.0,1889.0,1819.0,261.1340651849161,3
Arlington,VT,1.0,775.0,775.0,0.0,1
Arnold,MD,1.0,1459.0,1459.0,15.0,3
Artesia,CA,1.0,1695.0,1695.0,0.0,1
Arvada,CO,1.0,975.0,944.0,130.83386411781927,5
Arvada,CO,5.0,3980.0,3980.0,0.0,1
Arvilla,ND,2.0,545.0,545.0,0.0,1
Asheville,NC,1.0,1274.0,1274.0,319.6122650963195,2
Asheville,NC,3.0,2000.0,2000.0,0.0,1
Ashland,OR,1.0,1300.0,1300.0,0.0,1
Athens,GA,2.0,1030.0,1030.0,0.0,1
Atlanta,GA,1.0,1314.0,1341.7826086956522,364.6061332603542,23
Atlanta,GA,2.0,1410.0,1461.3333333333333,385.9830840548205,18
Atlanta,GA,3.0,1747.0,2159.0,1030.5224403185018,5
Atlanta,GA,4.0,2024.5,2024.5,106.77312395916867,2
Atlanta,GA,5.0,1345.0,1345.0,0.0,1
Atlantic City,NJ,2.0,1095.0,1095.0,0.0,1
Atlantic Highlands,NJ,2.0,1850.0,1850.0,0.0,1
Attleboro,MA,2.0,1500.0,1500.0,141.4213562373095,2
Auburn,AL,1.0,890.0,890.0,0.0,1
Auburn,AL,2.0,1164.0,1164.0,48.08326112068523,2
Auburn,AL,3.0,2000.0,2000.0,0.0,1
Auburn,AL,4.0,1690.0,1690.0,410.1219330881976,2
Auburn,WA,1.0,1420.0,1420.0,289.9137802864845,2
Auburn,WA,2.0,1768.0,1768.0,0.0,1
Auburn,WA,3.0,1629.0,1629.0,0.0,1
Auburn Hills,MI,1.0,1122.0,1122.0,0.0,1
Auburn Hills,MI,2.0,1490.0,1488.3333333333333,137.5075755488887,3
Audubon,PA,2.0,1475.0,1475.0,0.0,1
Aurora,CO,1.0,1018.0,1061.5,245.58149915511294,12
Aurora,CO,2.0,1253.5,1253.5,341.5325753131024,2
Aurora,CO,3.0,2200.0,2200.0,212.13203435596427,2
Aurora,CO,4.0,2650.0,2650.0,0.0,1
Austell,GA,1.0,995.0,995.0,0.0,1
Austin,TX,0.0,912.0,969.5,190.24346749120434,14
Austin,TX,1.0,1091.5,1176.7345360824743,325.20397756059384,388
Austin,TX,2.0,1240.0,1275.939393939394,356.0565713530795,99
Austin,TX,3.0,1245.0,1304.8,361.66378687510615,20
Austin,TX,4.0,1662.0,1662.0,1107.3292193381335,2
Avon,CT,1.0,1464.0,1464.0,0.0,1
Azle,TX,1.0,1050.0,1027.142857142857,52.26990393278773,7
Azle,TX,2.0,1525.0,1525.0,0.0,2
Azle,TX,3.0,1625.0,1625.0,0.0,2
Bacliff,TX,1.0,500.0,500.0,0.0,1
Bainbridge Island,WA,1.0,2250.0,2250.0,0.0,1
Bainbridge Island,WA,3.0,5200.0,5200.0,0.0,1
Bakersfield,CA,1.0,1255.0,1255.0,226.27416997969522,2
Bakersfield,CA,2.0,668.0,668.0,0.0,1
Bakersfield,CA,3.0,1445.0,1445.0,0.0,1
Ballwin,MO,1.0,791.0,791.0,0.0,1
Baltimore,MD,0.0,862.0,862.0,46.66904755831214,2
Baltimore,MD,1.0,1335.0,1324.1052631578948,454.3631556288235,19
Baltimore,MD,2.0,1062.5,1144.1666666666667,252.23503949989808,12
Baltimore,MD,3.0,2190.0,2190.0,0.0,1
Baltimore,MD,4.0,2675.0,2675.0,671.7514421272201,2
Barberton,OH,2.0,885.0,885.0,0.0,1
Barrington,NJ,2.0,1065.0,1065.0,0.0,1
Barstow,CA,0.0,52500.0,52500.0,0.0,1
Bastrop,TX,3.0,1495.0,1495.0,0.0,2
Batavia,OH,2.0,1599.0,1599.0,0.0,1
Bath,MI,1.0,687.0,687.0,0.0,1
Bath,MI,2.0,725.0,725.0,0.0,1
Baton Rouge,LA,1.0,820.5,828.75,204.1831285880398,12
Baton Rouge,LA,2.0,1025.0,1081.1,298.7345346996598,10
Baton Rouge,LA,3.0,1625.0,1675.0,344.6012188022555,6
Baton Rouge,LA,4.0,1645.5,1645.5,41.71930009000631,2
Battle Creek,MI,1.0,653.0,653.0,0.0,1
Battle Creek,MI,2.0,595.0,595.0,0.0,1
Battle Creek,MI,3.0,732.0,732.0,0.0,1
Battle Ground,WA,2.0,1150.0,1150.0,0.0,1
Battle Ground,WA,4.0,2750.0,2750.0,0.0,1
Battle Mountain,NV,3.0,1695.0,1695.0,0.0,1
Bay Saint Louis,MS,1.0,830.0,830.0,0.0,1
Bayonne,NJ,1.0,2270.0,2270.0,0.0,1
Baytown,TX,1.0,799.0,938.6666666666666,277.27303030286475,3
Baytown,TX,2.0,752.0,752.0,0.0,1
Beachwood,OH,1.0,715.0,715.0,77.78174593052023,2
Beachwood,OH,2.0,1010.0,1237.0,598.744519807906,5
Bear,DE,1.0,755.0,755.0,0.0,1
Beaumont,TX,1.0,600.0,600.0,0.0,1
Beaver Dam,WI,1.0,687.5,687.5,229.80970388562795,2
Beaver Dam,WI,2.0,1050.0,1050.0,0.0,1
Beaverton,OR,1.0,1246.5,1246.5,72.8319984622144,2
Beaverton,OR,2.0,1319.5,1368.5,198.72678061432313,4
Beaverton,OR,4.0,2899.0,2899.0,0.0,1
Bedford,NH,1.0,1647.5,1647.5,74.24621202458749,2
Bedford,NH,2.0,1741.0,1805.0,214.70095481855688,5
Bedford,TX,1.0,927.0,941.0,92.22978549976865,7
Bedford,TX,2.0,1252.0,1234.1666666666667,93.91953357996829,12
Bedford,TX,3.0,1448.0,1448.0,0.0,1
Bedford Heights,OH,1.0,593.0,593.0,0.0,1
Beech Grove,IN,3.0,1300.0,1300.0,0.0,1
Bel Air,MD,2.0,1457.5,1457.5,413.6574669941303,2
Bel Air,MD,3.0,1757.5,1757.5,449.01280605345767,2
Belgrade,MT,3.0,1600.0,1600.0,0.0,1
Bella Vista,AR,3.0,2900.0,2900.0,0.0,1
Belle Mead,NJ,1.0,2055.0,2055.0,0.0,1
Belleville,MI,1.0,803.0,803.0,0.0,1
Belleville,NJ,1.0,1195.0,1195.0,0.0,1
Belleville,NJ,2.0,1620.0,1683.3333333333333,109.69655114602894,3
Bellevue,NE,1.0,765.0,788.6666666666666,85.00784277543652,3
Bellevue,NE,2.0,900.0,900.0,0.0,1
Bellevue,WA,1.0,1809.5,1787.5555555555557,373.8365830809944,18
Bellevue,WA,2.0,1990.0,2197.923076923077,614.9481633355315,13
Bellevue,WA,3.0,5857.5,5857.5,5002.780476894824,2
Bellevue,WA,4.0,2900.0,2900.0,0.0,1
Bellflower,CA,1.0,1355.0,1355.0,0.0,1
Bellingham,WA,1.0,1112.5,1148.75,338.7569187485327,4
Bellingham,WA,2.0,1125.0,1136.4,268.91876096695074,5
Bellingham,WA,3.0,1575.0,1575.0,0.0,1
Bellmawr,NJ,1.0,880.0,880.0,14.142135623730951,2
Bellwood,IL,2.0,1200.0,1200.0,0.0,1
Belmont,CA,4.0,6850.0,6850.0,0.0,1
Belmont,MI,3.0,2200.0,2200.0,0.0,1
Belmont,NC,1.0,829.0,829.0,0.0,1
Belmont,NC,2.0,1050.0,1050.0,0.0,1
Beloit,WI,1.0,609.0,609.0,0.0,1
Beloit,WI,2.0,850.0,850.0,0.0,1
Beltsville,MD,1.0,1505.0,1505.0,0.0,1
Beltsville,MD,3.0,1804.0,1804.0,0.0,1
Bend,OR,1.0,1900.0,1900.0,0.0,2
Bend,OR,2.0,2195.0,2195.0,0.0,1
Bend,OR,3.0,3000.0,3000.0,0.0,1
Bennington,VT,1.0,700.0,700.0,0.0,1
Bensenville,IL,1.0,1199.0,1199.0,0.0,1
Benton,AR,4.0,1225.0,1225.0,0.0,2
Bentonville,AR,1.0,1050.0,1050.0,0.0,1
Bentonville,AR,3.0,1365.0,1365.0,608.1118318204309,2
Berkeley,CA,1.0,2250.0,2181.6666666666665,163.57974609753296,3
Berkeley,CA,2.0,2450.0,3059.8,1114.8677948528248,5
Berkeley,CA,3.0,4995.0,4995.0,0.0,1
Berkley,MI,1.0,995.0,995.0,0.0,1
Berlin,WI,3.0,771.0,771.0,0.0,1
Berrien Springs,MI,1.0,550.0,550.0,0.0,1
Bethesda,MD,0.0,1708.0,1658.0,304.09866819833326,3
Bethesda,MD,3.0,3810.0,3810.0,0.0,1
Bethesda,MD,4.0,4750.0,4750.0,0.0,1
Bethlehem,GA,3.0,1199.0,1199.0,0.0,1
Bethlehem,GA,4.0,1525.0,1525.0,0.0,1
Bettendorf,IA,1.0,952.5,952.5,137.88582233137677,2
Beulah,ND,2.0,500.0,500.0,0.0,1
Beverly Hills,CA,1.0,4022.5,4360.75,1286.489635921461,4
Beverly Hills,CA,2.0,4494.0,4524.666666666667,1155.3052987558453,3
Big Rapids,MI,1.0,740.0,740.0,0.0,2
Big Rapids,MI,2.0,1030.0,1020.0,17.320508075688775,3
Big Rapids,MI,4.0,1532.5,1532.5,10.606601717798213,2
Big Rapids,MI,6.0,2130.0,2130.0,0.0,2
Billings,MT,2.0,1160.0,1160.0,0.0,1
Binghamton,NY,5.0,1500.0,1500.0,0.0,1
Birmingham,AL,0.0,699.0,699.0,0.0,2
Birmingham,AL,1.0,1090.5,1235.25,439.3649773631637,4
Birmingham,AL,4.0,495.0,495.0,0.0,1
Birmingham,MI,3.0,4525.0,4525.0,0.0,1
Bismarck,ND,1.0,1700.0,1700.0,0.0,1
Bismarck,ND,2.0,867.5,867.5,74.24621202458749,2
Bismarck,ND,3.0,1695.0,1553.5714285714287,333.0504752250311,7
Bismarck,ND,4.0,1695.0,1695.0,0.0,1
Bixby,OK,2.0,949.0,949.0,0.0,1
Blacksburg,VA,1.0,1125.0,1125.0,0.0,1
Blacksburg,VA,3.0,1700.0,1700.0,0.0,1
Blacksburg,VA,4.0,2200.0,1725.0,1092.8746497197196,3
Blackwood,NJ,1.0,1005.0,1126.6666666666667,215.07750540987155,3
Blackwood,NJ,2.0,1245.0,1245.0,0.0,1
Bladensburg,MD,1.0,1195.0,1200.0,22.9128784747792,3
Bladensburg,MD,2.0,1524.5,1524.5,50.204581464244875,2
Blaine,MN,1.0,1329.0,1329.0,0.0,1
Blanco,TX,1.0,885.0,885.0,0.0,1
Bloomfield,CT,2.0,1795.0,1751.6666666666667,174.09288708426126,3
Bloomingdale,NJ,1.0,2150.0,2150.0,0.0,1
Bloomingdale,NJ,2.0,2275.5,2342.75,148.72877999903048,4
Bloomington,IL,1.0,617.5,617.5,10.606601717798213,2
Bloomington,IN,0.0,889.0,889.0,0.0,1
Bloomington,IN,1.0,745.0,793.0,151.9614612797788,22
Bloomington,IN,2.0,1020.0,1038.6666666666667,326.29945346772087,12
Bloomington,IN,3.0,1899.5,1640.25,853.1728597250551,8
Bloomington,IN,4.0,3250.0,3250.0,212.13203435596427,2
Bloomington,IN,5.0,3525.0,3559.375,1099.9949269363537,8
Bloomington,IN,7.0,9000.0,9000.0,0.0,1
Bloomington,MN,1.0,1039.0,1078.0,107.92126759818937,3
Bloomington,MN,2.0,1345.0,1345.0,77.78174593052023,2
Blue Springs,MO,1.0,815.0,815.0,0.0,1
Blue Springs,MO,2.0,930.0,930.0,0.0,1
Blue Springs,MO,3.0,1350.0,1398.3333333333333,83.71578903249572,3
Boca Raton,FL,2.0,1800.0,1800.0,0.0,1
Boise,ID,1.0,1135.0,1304.625,474.0837591758293,8
Boise,ID,2.0,1700.0,1641.6666666666667,385.8216340918862,3
Boise,ID,3.0,1737.5,1737.5,229.80970388562795,2
Boise,ID,4.0,1772.0,1772.0,32.526911934581186,2
Bolingbrook,IL,1.0,1223.0,1223.0,0.0,1
Boone,IA,1.0,550.0,550.0,0.0,1
Boone,IA,2.0,635.0,635.0,0.0,1
Bossier City,LA,1.0,901.0,901.0,0.0,1
Bossier City,LA,3.0,860.0,860.0,0.0,1
Bostic,NC,1.0,823.0,823.0,0.0,1
Bostic,NC,2.0,922.0,922.0,0.0,1
Boston,MA,1.0,2765.0,2790.2,621.0825316422215,10
Boston,MA,2.0,2800.0,3148.6363636363635,672.254159187918,11
Boston,MA,3.0,3300.0,3256.6666666666665,267.6440422152777,3
Boston,MA,4.0,3800.0,3800.0,0.0,1
Boston,MA,5.0,4850.0,4850.0,565.685424949238,2
Bothell,WA,1.0,1681.0,1727.6,127.61974768820069,5
Bothell,WA,2.0,1755.0,1751.1818181818182,186.552308043518,11
Bothell,WA,3.0,2380.0,2380.0,0.0,1
Bothell,WA,4.0,2339.0,2339.0,933.3809511662428,2
Boulder,CO,1.0,910.0,1068.3333333333333,282.94581342252326,3
Boulder,CO,2.0,1955.0,1690.0,613.7181763643636,4
Boulder City,NV,2.0,1095.0,1095.0,0.0,1
Bountiful,UT,2.0,1100.0,1100.0,0.0,1
Bowie,MD,1.0,1522.0,1522.0,0.0,1
Bowie,MD,2.0,1915.0,1915.0,0.0,2
Bowling Green,KY,1.0,1250.0,1250.0,0.0,1
Bowling Green,OH,1.0,650.0,650.0,0.0,1
Box Elder,SD,5.0,1900.0,1900.0,0.0,1
Bozeman,MT,1.0,1695.0,1695.0,0.0,1
Bozeman,MT,3.0,3500.0,3500.0,0.0,1
Bradenton,FL,1.0,1067.0,1067.0,0.0,1
Bradenton,FL,2.0,1379.5,1530.0,550.2573943165144,6
Bradenton,FL,3.0,1650.0,1650.0,0.0,1
Bradley,CA,4.0,2750.0,2750.0,0.0,1
Braintree,MA,1.0,2355.0,2355.0,0.0,2
Braintree,MA,2.0,2250.0,2250.0,0.0,1
Brandon,FL,2.0,1360.0,1360.0,0.0,1
Brandon,FL,3.0,1449.0,1449.0,141.4213562373095,2
Brandon,FL,4.0,1549.0,1549.0,0.0,1
Brandon,SD,2.0,895.0,828.3333333333334,115.47005383792515,3
Brandon,SD,4.0,1425.0,1425.0,247.48737341529164,2
Branson,MO,2.0,1250.0,1250.0,0.0,1
Brea,CA,1.0,1615.0,1815.0,420.23802778901387,4
Brea,CA,2.0,1595.0,1740.0,268.65405264019375,3
Bremerton,WA,1.0,1217.5,1265.0,119.09380056633229,4
Bremerton,WA,2.0,1487.5,1487.5,123.74368670764582,2
Bremerton,WA,3.0,2700.0,2700.0,0.0,1
Brentwood,CA,1.0,1175.0,1175.0,0.0,1
Brentwood,TN,1.0,1138.0,1138.0,0.0,1
Briarwood,NY,0.0,1599.0,1599.0,0.0,1
Brick,NJ,2.0,1910.0,1910.0,120.20815280171308,2
Bridge City,TX,2.0,700.0,700.0,0.0,1
Bridgeport,CT,1.0,1172.5,1172.5,173.24116139070415,2
Bridgeport,CT,2.0,700.0,700.0,0.0,1
Bridgeport,CT,3.0,1475.0,1475.0,0.0,1
Bridgeton,MO,2.0,1150.0,1150.0,0.0,1
Bridgewater,MA,1.0,1850.0,1850.0,0.0,1
Bridgewater,MA,2.0,1639.0,1639.0,0.0,1
Bridgewater,NJ,1.0,1600.0,1600.0,0.0,1
Brighton,CO,2.0,1250.0,1285.0,304.0148022712052,3
Brighton,MA,3.0,2700.0,2700.0,0.0,1
Broadview Heights,OH,2.0,682.5,682.5,45.96194077712559,2
Broadway,NC,1.0,1147.0,1147.0,0.0,1
Broadway,NC,2.0,1218.0,1218.0,0.0,1
Brockport,NY,2.0,1598.0,1598.0,0.0,1
Brockton,MA,1.0,1025.0,1025.0,0.0,1
Brockton,MA,2.0,1400.0,1400.0,0.0,1
Brockton,MA,3.0,1850.0,1850.0,0.0,1
Broken Arrow,OK,1.0,830.0,830.0,0.0,1
Broken Arrow,OK,4.0,1500.0,1500.0,0.0,1
Brook Park,OH,2.0,705.0,705.0,0.0,1
Brookfield,CT,2.0,1995.0,1995.0,0.0,1
Brookfield,WI,1.0,1327.5,1327.5,3.5355339059327378,2
Brookfield,WI,2.0,1485.0,1485.0,233.3452377915607,2
Brookfield,WI,3.0,1340.0,1340.0,0.0,1
Brookline,MA,5.0,6300.0,6300.0,0.0,1
Brooklyn,NY,2.0,2962.5,2962.5,2174.353352148634,2
Brooklyn,NY,3.0,3000.0,3000.0,0.0,1
Brooklyn Center,MN,1.0,1049.0,1049.0,113.13708498984761,2
Brooklyn Center,MN,3.0,1482.0,1482.0,0.0,1
Broomall,PA,2.0,1275.0,1275.0,0.0,1
Broomfield,CO,1.0,1103.0,1090.25,395.5084280602206,4
Broomfield,CO,4.0,2195.0,2195.0,0.0,1
Brown Deer,WI,2.0,984.0,984.0,0.0,1
Brownsburg,IN,1.0,695.0,695.0,0.0,1
Brunswick,OH,2.0,1500.0,1500.0,0.0,3
Bryan,TX,1.0,879.5,879.5,14.849242404917497,2
Bryan,TX,2.0,664.0,644.25,108.02893131008933,4
Bryn Mawr,PA,2.0,1750.0,1750.0,0.0,1
Buckeye,AZ,4.0,1525.0,1525.0,0.0,1
Budd Lake,NJ,1.0,1277.0,1318.8,222.1332933173233,5
Budd Lake,NJ,2.0,1402.0,1402.0,0.0,1
Buena Park,CA,1.0,1580.0,1580.0,42.42640687119285,2
Buena Park,CA,2.0,1897.5,1897.5,3.5355339059327378,2
Buffalo,NY,1.0,795.0,800.0,80.77747210701757,5
Buffalo,NY,2.0,1510.0,1510.0,685.8935777509511,2
Buford,GA,1.0,1070.0,1070.0,0.0,1
Buford,GA,4.0,1499.0,1499.0,0.0,1
Buies Creek,NC,2.0,1118.0,1118.0,0.0,1
Bullock,NC,2.0,1410.0,1410.0,0.0,1
Burke,VA,1.0,1045.0,1045.0,0.0,1
Burleson,TX,3.0,1449.0,1465.5714285714287,47.731391287974404,7
Burleson,TX,4.0,1499.0,1499.0,0.0,1
Burley,ID,2.0,900.0,900.0,0.0,1
Burlington,NC,1.0,859.5,859.5,64.34671708797582,2
Burlington,NC,2.0,899.5,899.5,34.64823227814083,2
Burlington,NC,3.0,1369.0,1369.0,0.0,2
Burlington,ND,2.0,750.0,750.0,0.0,1
Burlington,VT,1.0,1537.5,1537.5,88.38834764831844,2
Burlington,VT,2.0,1625.0,1625.0,106.06601717798213,2
Burlington,VT,3.0,2200.0,2200.0,0.0,1
Burnsville,MN,1.0,997.0,997.0,87.68124086713189,2
Burnsville,MN,3.0,1315.0,1315.0,0.0,1
Burtonsville,MD,2.0,1589.0,1589.0,0.0,2
Burtonsville,MD,3.0,1890.0,1890.0,0.0,1
Butler,PA,1.0,625.0,625.0,0.0,1
Butner,NC,1.0,1080.0,1080.0,0.0,1
Caldwell,NJ,2.0,1800.0,1800.0,0.0,1
Calera,AL,3.0,1375.0,1375.0,176.7766952966369,2
Calera,AL,4.0,1365.0,1365.0,0.0,1
Calumet City,IL,2.0,875.0,875.0,0.0,1
Camarillo,CA,1.0,1806.0,1806.0,220.61731573020282,2
Camas,WA,1.0,1270.0,1270.0,0.0,1
Cambridge,MA,1.0,2750.0,2833.2,326.1475126380699,5
Cambridge,MA,2.0,2659.0,3223.0,1153.515062753842,3
Cambridge,MN,1.0,885.0,885.0,0.0,1
Cambridge,MN,2.0,922.0,922.0,0.0,1
Camby,IN,3.0,1374.0,1374.0,35.35533905932738,2
Camden,NJ,1.0,675.0,675.0,0.0,1
Cameron,TX,2.0,695.0,695.0,0.0,1
Cameron Park,CA,4.0,2995.0,2995.0,0.0,1
Campbell,CA,2.0,2245.0,2245.0,0.0,1
Canal Fulton,OH,2.0,795.0,795.0,0.0,1
Canby,OR,1.0,1260.0,1260.0,0.0,1
Canoga Park,CA,1.0,1610.0,1610.0,0.0,1
Canoga Park,CA,2.0,1810.0,1810.0,0.0,1
Canonsburg,PA,4.0,2200.0,2200.0,0.0,1
Canton,MI,2.0,1699.0,1699.0,0.0,1
Canton,OH,2.0,690.0,751.6666666666666,166.3079472945696,3
Canyon Lake,TX,1.0,899.0,899.0,0.0,1
Canyon Lake,TX,3.0,1350.0,1350.0,0.0,1
Cape Coral,FL,2.0,1000.0,1000.0,0.0,1
Cape Girardeau,MO,2.0,1400.0,1400.0,0.0,1
Cape Girardeau,MO,3.0,1800.0,1800.0,0.0,1
Capitol Heights,MD,3.0,1480.0,1480.0,0.0,1
Carbon Cliff,IL,1.0,785.0,785.0,0.0,1
Carbon Cliff,IL,2.0,725.0,725.0,0.0,1
Carbondale,IL,1.0,497.5,497.5,3.5355339059327378,2
Carbondale,IL,2.0,862.5,862.5,123.74368670764582,2
Carlsbad,CA,1.0,1795.0,1795.0,0.0,1
Carlsbad,CA,2.0,2445.0,2445.0,0.0,1
Carlsbad,CA,3.0,3797.5,3797.5,1417.7490962790278,2
Carmel,IN,1.0,1107.0,1107.0,294.15642097360376,2
Carnegie,PA,1.0,952.0,952.0,0.0,1
Carrboro,NC,2.0,888.0,888.0,0.0,1
Carrboro,NC,3.0,775.0,775.0,0.0,1
Carrollton,GA,1.0,825.0,825.0,0.0,1
Carrollton,TX,1.0,930.0,930.0,0.0,1
Carson,CA,1.0,1845.0,1845.0,0.0,1
Carteret,NJ,2.0,1988.0,1988.0,0.0,1
Cartersville,GA,4.0,2150.0,2150.0,0.0,1
Cary,NC,1.0,964.5,1015.0,208.35258577709087,6
Cary,NC,2.0,1129.0,1112.2142857142858,173.90588903702553,14
Cary,NC,3.0,1480.5,1480.5,26.16295090390226,2
Cary,NC,4.0,1600.0,1600.0,0.0,1
Casar,NC,1.0,965.0,965.0,0.0,1
Casar,NC,2.0,1349.0,1349.0,0.0,1
Cassopolis,MI,1.0,575.0,575.0,0.0,1
Castle Hills,TX,2.0,995.0,995.0,0.0,1
Castle Rock,CO,3.0,1990.0,1990.0,0.0,1
Castle Rock,CO,4.0,2500.0,2500.0,0.0,1
Castro Valley,CA,2.0,2495.0,2495.0,0.0,1
Cedar City,UT,3.0,1700.0,1700.0,0.0,1
Cedar Falls,IA,0.0,695.0,695.0,0.0,1
Cedar Falls,IA,1.0,742.5,771.25,166.7520614565229,4
Cedar Falls,IA,2.0,1000.0,1044.0,162.57306049896457,5
Cedar Falls,IA,3.0,750.0,750.0,0.0,1
Cedar Falls,IA,4.0,1500.0,1500.0,0.0,1
Cedar Hill,TX,3.0,1649.0,1624.3333333333333,66.5231789178278,3
Cedar Knolls,NJ,2.0,2431.5,2431.5,2.1213203435596424,2
Cedar Park,TX,1.0,985.0,1047.0,170.54471554404728,9
Cedar Park,TX,2.0,949.0,949.0,0.0,1
Cedar Park,TX,3.0,1499.0,1499.0,0.0,1
Cedar Rapids,IA,1.0,579.0,579.0,0.0,1
Cedar Rapids,IA,2.0,795.0,795.0,0.0,1
Celebration,FL,3.0,2695.0,2695.0,0.0,1
Centennial,CO,1.0,1230.0,1193.3333333333333,476.0602202803059,3
Centennial,CO,3.0,2000.0,2000.0,0.0,1
Centerville,MA,5.0,7000.0,7000.0,0.0,1
Central City,KY,1.0,350.0,350.0,0.0,1
Centreville,VA,2.0,1812.0,1812.0,53.74011537017761,2
Cerritos,CA,2.0,1591.0,1591.0,0.0,1
Champaign,IL,1.0,734.5,804.3333333333334,216.95540338701764,18
Champaign,IL,2.0,1060.0,1149.6470588235295,627.7675665778368,17
Champaign,IL,3.0,1050.0,1221.6666666666667,531.2468823437931,9
Champaign,IL,4.0,2120.0,1866.0,763.5939147653461,7
Chandler,AZ,1.0,1155.0,1155.0,0.0,1
Chanhassen,MN,1.0,1250.0,1250.0,0.0,1
Channelview,TX,3.0,1399.0,1399.0,0.0,1
Chapel Hill,NC,1.0,1153.0,1135.1666666666667,258.19404847259096,6
Chapel Hill,NC,2.0,999.0,1123.0,285.9318100526767,3
Chapel Hill,NC,3.0,1611.0,1611.0,827.3149339882606,2
Chapin,SC,3.0,1549.0,1549.0,0.0,1
Charleston,SC,1.0,1718.5,1718.5,256.6797615707168,2
Charleston,SC,2.0,1950.0,1850.0,217.94494717703367,3
Charleston,SC,3.0,2900.0,2900.0,0.0,1
Charleston,WV,2.0,795.0,795.0,0.0,1
Charleston,WV,5.0,2000.0,2000.0,0.0,1
Charlestown,MA,1.0,2700.0,2700.0,0.0,1
Charlestown,MA,2.0,3796.0,3633.3333333333335,398.71585538241806,3
Charlotte,NC,1.0,884.5,906.4285714285714,217.81103817678377,14
Charlotte,NC,2.0,1010.0,1002.6666666666666,189.1066718371759,3
Charlotte,NC,3.0,1487.0,1516.3636363636363,281.090486270634,22
Charlotte,NC,4.0,1499.0,1592.142857142857,156.96223385624597,7
Charlotte,VT,2.0,1650.0,1650.0,0.0,1
Charlottesville,VA,2.0,2600.0,2600.0,0.0,1
Charlottesville,VA,4.0,1695.0,1695.0,0.0,1
Chaska,MN,4.0,4500.0,4500.0,0.0,1
Chatsworth,CA,2.0,2150.0,2150.0,0.0,1
Chattanooga,TN,0.0,800.0,800.0,0.0,1
Chattanooga,TN,1.0,881.0,966.5,268.2542326475639,4
Chattanooga,TN,2.0,1210.0,1145.5,168.19532296311533,4
Chelsea,MA,1.0,1900.0,2062.6666666666665,302.7694392327821,3
Chelsea,MA,2.0,2348.0,2348.0,74.95331880577403,2
Cheney,WA,1.0,737.5,737.5,123.74368670764582,2
Cherry Hill,NJ,1.0,1365.0,1405.0,221.9234102117215,5
Cherry Hill,NJ,2.0,1630.0,1589.0,87.20665112249178,5
Cherry Hill,NJ,3.0,1126.0,1126.0,0.0,1
Cherryville,NC,1.0,1045.0,1045.0,0.0,1
Chesapeake,VA,1.0,1388.0,1360.0,174.0517164523235,4
Chesapeake,VA,2.0,1400.0,1383.0,58.42516581063335,5
Chesapeake,VA,3.0,1714.0,1714.0,0.0,1
Chester,VA,3.0,1332.0,1332.0,0.0,1
Chesterfield,VA,4.0,2500.0,2500.0,0.0,1
Chevy Chase,MD,0.0,1350.0,1350.0,0.0,1
Chevy Chase,MD,2.0,2588.0,2857.6,545.5660363329081,5
Cheyenne,WY,3.0,713.0,713.0,0.0,1
Chicago,IL,0.0,932.5,989.625,194.02793429224124,8
Chicago,IL,1.0,1250.0,1340.676923076923,418.86539856543965,65
Chicago,IL,2.0,1600.0,1756.9245283018868,587.6950363351269,53
Chicago,IL,3.0,1995.0,2572.4615384615386,1463.7807563170459,13
Chicago,IL,4.0,3454.0,3110.8888888888887,764.5402939748244,9
Chiefland,FL,1.0,650.0,650.0,0.0,1
Christiansburg,VA,3.0,1500.0,1500.0,0.0,2
Christiansburg,VA,4.0,1600.0,1600.0,0.0,1
Chubbuck,ID,1.0,750.0,750.0,0.0,1
Chula Vista,CA,1.0,1515.0,1378.3333333333333,402.78199231511496,3
Chula Vista,CA,2.0,1825.0,1825.0,671.7514421272201,2
Church Hill,TN,1.0,575.0,575.0,0.0,1
Cibolo,TX,3.0,1495.0,1495.0,0.0,1
Cincinnati,OH,1.0,910.0,1014.918918918919,290.64109008060643,37
Cincinnati,OH,2.0,1180.0,1384.2285714285715,499.69308731721003,35
Cincinnati,OH,3.0,1243.0,1259.1,353.63868880853835,10
Cincinnati,OH,4.0,1547.5,1843.75,1002.0926021747358,4
Clackamas,OR,1.0,1294.0,1294.0,0.0,1
Clairton,PA,2.0,1027.5,1027.5,3.5355339059327378,2
Clairton,PA,3.0,1380.0,1380.0,0.0,1
Clarksburg,MD,1.0,1545.0,1545.0,0.0,1
Clarksburg,MD,2.0,1905.0,1905.0,0.0,1
Clarkston,GA,2.0,775.0,810.0,48.73397172404483,5
Clarkston,GA,3.0,886.0,886.0,0.0,2
Clarkston,MI,1.0,887.0,887.0,193.74725804511402,2
Clarksville,MD,1.0,550.0,550.0,0.0,1
Clarksville,TN,2.0,912.5,912.5,159.0990257669732,2
Clayton,NC,1.0,950.0,950.0,0.0,1
Clayton,NC,2.0,1179.0,1186.0,12.12435565298214,3
Clayton,NC,3.0,1400.0,1421.7777777777778,100.02221975363497,9
Clayton,NC,4.0,1575.0,1535.5714285714287,108.66133495538196,7
Clearwater,FL,1.0,1145.0,1145.0,0.0,1
Cleburne,TX,1.0,862.0,862.0,0.0,1
Clementon,NJ,1.0,912.5,912.5,74.24621202458749,2
Clementon,NJ,2.0,1074.5,1108.5,98.21235495937704,4
Clemmons,NC,2.0,853.0,853.0,0.0,1
Clermont,FL,1.0,1218.5,1218.5,13.435028842544403,2
Clermont,FL,2.0,1335.0,1335.0,21.213203435596427,2
Clermont,FL,4.0,2895.0,2895.0,0.0,1
Cleveland,OH,0.0,675.0,675.0,0.0,1
Cleveland,OH,1.0,975.0,1116.0,529.1143543696392,13
Cleveland,OH,2.0,1115.0,1430.7692307692307,873.7665738863132,13
Cleveland Heights,OH,1.0,950.0,950.0,0.0,1
Cliffside Park,NJ,1.0,2350.0,2350.0,0.0,1
Cliffside Park,NJ,2.0,1865.0,1865.0,0.0,1
Cliffwood,NJ,2.0,2047.0,2047.0,0.0,2
Clinton,MA,1.0,1375.0,1375.0,0.0,1
Clinton,WA,2.0,1400.0,1400.0,0.0,1
Clinton,WA,3.0,2500.0,2500.0,0.0,1
Clinton Township,MI,2.0,1385.0,1385.0,332.34018715767735,2
Coatesville,PA,1.0,575.0,575.0,0.0,1
Cockeysville,MD,1.0,1115.0,1167.8,82.41177100390455,5
Cockeysville,MD,2.0,1303.0,1303.0,41.012193308819754,2
Cockeysville,MD,3.0,1724.0,1724.0,352.13917703090067,2
Cocoa Beach,FL,3.0,1750.0,1750.0,0.0,1
Coeur D Alene,ID,1.0,1440.0,1440.0,0.0,1
College Park,GA,1.0,938.0,938.0,0.0,1
College Park,MD,1.0,1629.0,1629.0,183.84776310850236,2
College Station,TX,1.0,1037.0,1037.0,265.87214972614186,2
College Station,TX,3.0,1195.0,1195.0,0.0,1
College Station,TX,4.0,1400.0,1400.0,0.0,1
Collingswood,NJ,2.0,1495.0,1495.0,0.0,1
Colorado Springs,CO,1.0,1065.0,1057.857142857143,201.24263126548382,35
Colorado Springs,CO,2.0,1205.0,1234.2926829268292,301.48161170313864,41
Colorado Springs,CO,3.0,1126.0,1017.75,267.60091554402425,4
Colorado Springs,CO,4.0,2200.0,2200.0,0.0,1
Columbia,MD,1.0,1482.5,1509.875,176.903878258384,8
Columbia,MD,2.0,1791.5,1913.1666666666667,425.92460209134043,6
Columbia,MD,3.0,2125.0,2073.3333333333335,158.9287051898848,3
Columbia,MO,1.0,1149.5,1050.75,308.07182604061666,4
Columbia,MO,2.0,660.0,836.0,313.5410658908973,3
Columbia,MO,3.0,1350.0,1350.0,0.0,1
Columbia,MO,4.0,2100.0,2175.0,236.29078131263043,4
Columbia,SC,1.0,702.0,789.8333333333334,180.4665250584348,6
Columbia,SC,2.0,995.0,1025.0,132.5707358356285,3
Columbia,SC,3.0,1199.0,1183.5454545454545,69.85894879879548,11
Columbia,SC,4.0,1574.0,1580.5,203.884771378345,4
Columbia,SC,5.0,1699.0,1699.0,282.842712474619,2
Columbus,GA,2.0,350.0,350.0,0.0,1
Columbus,IN,1.0,754.0,822.3333333333334,164.51241087934164,3
Columbus,OH,1.0,1045.0,1058.5,353.2472379384036,10
Columbus,OH,2.0,1080.0,1247.1818181818182,475.84804679263283,11
Columbus,OH,3.0,1400.0,1671.25,797.374598291167,4
Columbus,OH,4.0,1850.0,1867.142857142857,377.5674017405937,7
Columbus,OH,5.0,3200.0,3208.3333333333335,987.5263709559017,3
Commerce,TX,1.0,785.0,785.0,14.142135623730951,2
Commerce City,CO,1.0,895.0,895.0,0.0,1
Concord,CA,1.0,1795.0,1694.0,718.841428967474,3
Concord,CA,2.0,2147.5,2147.5,67.17514421272202,2
Concord,NC,1.0,1073.0,1073.0,0.0,1
Concord,NC,2.0,1132.0,1132.0,414.36457377531684,2
Concord,NC,3.0,1299.0,1267.2,123.23230096042191,5
Concord,NC,4.0,1399.0,1333.0,137.44817205041323,3
Converse,TX,1.0,754.0,754.0,48.08326112068523,2
Converse,TX,3.0,1299.0,1299.0,0.0,2
Converse,TX,4.0,1550.0,1550.0,0.0,1
Conway,AR,2.0,650.0,650.0,0.0,2
Conway,AR,3.0,1525.0,1525.0,0.0,1
Conyers,GA,4.0,1299.0,1299.0,0.0,1
Coon Rapids,MN,1.0,850.0,850.0,247.48737341529164,2
Coppell,TX,1.0,1365.0,1365.0,0.0,1
Coral Gables,FL,3.0,1680.0,1680.0,0.0,1
Coral Springs,FL,3.0,1850.0,1850.0,0.0,1
Coralville,IA,1.0,950.0,950.0,0.0,1
Coraopolis,PA,1.0,1159.5,1152.5,101.16158691255622,4
Coraopolis,PA,2.0,1030.0,1123.2,210.18499787885273,10
Cordova,TN,1.0,792.0,792.0,234.75945135393377,2
Cornelius,NC,4.0,3750.0,3750.0,0.0,1
Corona,CA,1.0,1545.0,1297.0,451.3723518338269,3
Corona Del Mar,CA,0.0,1900.0,1900.0,0.0,1
Corona Del Mar,CA,2.0,3800.0,3800.0,0.0,1
Corona Del Mar,CA,5.0,9450.0,9450.0,0.0,1
Coronado,CA,1.0,2600.0,2600.0,0.0,1
Coronado,CA,2.0,4500.0,6000.0,3366.501646120693,4
Coronado,CA,3.0,4500.0,4500.0,0.0,1
Coronado,CA,4.0,6500.0,6500.0,0.0,1
Coronado,CA,5.0,6500.0,6500.0,0.0,1
Corpus Christi,TX,1.0,795.0,795.0,77.78174593052023,2
Corpus Christi,TX,2.0,1430.0,1430.0,0.0,1
Corsica,SD,1.0,501.0,501.0,0.0,1
Corunna,MI,2.0,620.0,620.0,0.0,1
Corvallis,OR,2.0,1755.0,1713.75,187.85521907398086,4
Corvallis,OR,3.0,1872.5,1833.75,180.75651210030213,4
Costa Mesa,CA,3.0,2850.0,2850.0,0.0,1
Cottage Grove,MN,2.0,1165.0,1165.0,0.0,1
Cottage Grove,WI,1.0,1160.0,1160.0,0.0,1
Cottonwood Heights,UT,5.0,2495.0,2495.0,0.0,1
Coulee Dam,WA,1.0,630.0,630.0,0.0,1
Council Bluffs,IA,1.0,850.0,850.0,0.0,1
Coventry,RI,2.0,1260.0,1260.0,0.0,1
Coventry,RI,3.0,1235.0,1235.0,0.0,1
Covina,CA,1.0,1710.0,1710.0,0.0,1
Covington,KY,1.0,1495.0,1495.0,0.0,1
Covington,WA,1.0,1405.0,1405.0,0.0,1
Creedmoor,NC,1.0,779.0,779.0,0.0,1
Crofton,MD,1.0,1398.0,1408.6666666666667,30.43572462310261,3
Crofton,MD,2.0,1600.0,1600.0,0.0,1
Crosby,TX,3.0,1574.0,1574.0,35.35533905932738,2
Crossville,TN,2.0,625.0,625.0,0.0,1
Crowley,TX,5.0,1775.0,1775.0,0.0,1
Crozet,VA,1.0,1500.0,1500.0,0.0,1
Crystal,MN,1.0,1100.0,1100.0,0.0,1
Cullowhee,NC,4.0,575.0,575.0,0.0,1
Culver City,CA,1.0,2750.0,2750.0,0.0,1
Culver City,CA,2.0,2875.0,2875.0,35.35533905932738,2
Cumberland,MD,0.0,699.0,699.0,0.0,1
Cumming,GA,1.0,1172.0,1139.3333333333333,68.14934580268051,3
Cumming,GA,2.0,1497.0,1459.0,191.4323205034441,7
Cumming,GA,3.0,1580.0,1580.0,0.0,1
Cupertino,CA,3.0,4600.0,4600.0,0.0,1
Cutler Bay,FL,3.0,2200.0,2200.0,0.0,1
Cutler Ridge,FL,2.0,1300.0,1300.0,0.0,1
Cypress,CA,1.0,1720.0,1720.0,0.0,1
Cypress,CA,2.0,2065.0,2065.0,0.0,1
Cypress,TX,1.0,941.5,941.5,2.1213203435596424,2
Cypress,TX,3.0,1474.0,1474.0,176.7766952966369,2
Dallas,GA,2.0,925.0,925.0,0.0,1
Dallas,GA,3.0,1312.5,1307.8333333333333,82.22456316623874,12
Dallas,GA,4.0,1499.0,1499.0,0.0,1
Dallas,OR,1.0,795.0,795.0,0.0,1
Dallas,OR,2.0,1045.0,1045.0,0.0,1
Dallas,TX,1.0,1155.0,1256.8671328671328,543.1207066024214,143
Dallas,TX,2.0,1304.0,1456.1923076923076,508.20761692486747,52
Dallas,TX,3.0,1310.0,1370.4,541.2063377308141,5
Dalton,GA,1.0,667.5,667.5,45.96194077712559,2
Dalton,GA,2.0,797.5,797.5,137.88582233137677,2
Dana Point,CA,4.0,5500.0,5500.0,0.0,1
Danbury,CT,1.0,1670.0,1670.0,0.0,1
Danbury,CT,2.0,1947.5,1947.5,1064.195705685754,2
Dania Beach,FL,2.0,3000.0,3000.0,0.0,1
Danville,CA,3.0,4500.0,4500.0,0.0,1
Davenport,FL,1.0,1290.0,1290.0,0.0,1
Davenport,FL,4.0,2250.0,2250.0,0.0,1
Davenport,IA,1.0,827.5,1034.1666666666667,500.40400344788077,6
Davenport,IA,2.0,1650.0,1531.6666666666667,343.159341025905,3
Davidson,NC,3.0,1299.0,1299.0,0.0,1
Dayton,OH,1.0,710.0,667.3333333333334,122.58330500792785,6
Dayton,OH,2.0,747.0,776.3125,178.37029601365808,16
Dayton,OH,3.0,785.0,850.0,215.37757543439847,5
Daytona Beach,FL,1.0,780.0,780.0,0.0,1
De Pere,WI,2.0,770.0,770.0,0.0,1
De Soto,KS,1.0,850.0,850.0,0.0,1
Decatur,GA,1.0,1129.5,1081.3333333333333,347.86108338434946,12
Decatur,GA,2.0,1332.5,1270.375,271.10458577562173,8
Decatur,GA,3.0,1139.5,1139.5,340.1183617507294,2
Decatur,IN,1.0,224.0,224.0,0.0,1
Del Mar,CA,3.0,5495.0,5495.0,0.0,1
Delafield,WI,1.0,1192.5,1192.5,10.606601717798213,2
Delaware,OH,2.0,850.0,850.0,0.0,1
Delaware,OH,3.0,1431.0,1431.0,0.0,1
Deltona,FL,1.0,800.0,800.0,0.0,1
Denton,TX,1.0,934.0,933.75,74.67875646170515,4
Denton,TX,2.0,1212.5,1175.25,213.98189175722322,4
Denver,CO,0.0,1085.0,1085.0,0.0,1
Denver,CO,1.0,1321.0,1326.0,328.22148745563004,59
Denver,CO,2.0,1550.0,1661.6097560975609,486.26314265265785,41
Denver,CO,3.0,4960.0,4960.0,3224.406922210657,2
Denver,CO,4.0,4300.0,4300.0,1272.7922061357856,2
Denville,NJ,1.0,1475.0,1475.0,0.0,1
Derwood,MD,1.0,1676.5,1687.75,42.89036410819256,4
Des Moines,IA,1.0,710.0,752.0,120.69106567320273,7
Des Moines,IA,2.0,765.0,880.0,289.11194075256435,8
Des Moines,IA,3.0,975.0,975.0,0.0,1
Des Moines,WA,2.0,1700.0,1700.0,0.0,1
Des Moines,WA,4.0,1822.0,1822.0,0.0,1
Des Plaines,IL,1.0,1150.0,1150.0,0.0,1
Desoto,TX,4.0,1749.0,1749.0,0.0,1
Destin,FL,4.0,2250.0,2250.0,0.0,1
Detroit,MI,1.0,2500.0,2197.4545454545455,891.3629298592537,11
Detroit,MI,2.0,2900.0,2900.0,565.685424949238,2
Detroit,MI,3.0,800.0,800.0,0.0,1
Devils Lake,ND,3.0,925.0,925.0,0.0,1
Dewitt,MI,2.0,800.0,800.0,0.0,1
Dexter,MO,1.0,475.0,475.0,0.0,1
Dexter,MO,2.0,675.0,675.0,0.0,1
Dickinson,ND,1.0,850.0,850.0,0.0,1
Dike,IA,2.0,750.0,750.0,0.0,1
Discovery Bay,CA,4.0,3695.0,3695.0,0.0,1
District Heights,MD,1.0,985.0,985.0,0.0,1
District Heights,MD,2.0,1245.0,1245.0,0.0,1
District Heights,MD,3.0,1320.0,1320.0,0.0,1
Doral,FL,1.0,1525.0,1525.0,0.0,1
Doral,FL,4.0,3100.0,3100.0,0.0,1
Douglasville,GA,3.0,1300.0,1270.3333333333333,132.0585728632059,6
Douglasville,GA,4.0,1399.0,1399.0,0.0,1
Dover,NH,2.0,1295.0,1383.0,152.4204710660612,3
Dover,NJ,1.0,1750.0,1750.0,0.0,1
Downers Grove,IL,2.0,1717.5,1717.5,24.748737341529164,2
Downey,CA,1.0,1595.0,1595.0,0.0,1
Downey,CA,2.0,2347.0,2347.0,0.0,1
Doylestown,PA,1.0,999.0,999.0,0.0,1
Duarte,CA,2.0,1674.0,1674.0,247.48737341529164,2
Dublin,CA,2.0,2722.5,2722.5,38.890872965260115,2
Dublin,CA,3.0,2822.5,2822.5,102.5304832720494,2
Dublin,OH,2.0,1129.5,1129.5,142.12846301849606,2
Dubuque,IA,1.0,618.0,618.0,82.02438661763951,2
Duluth,GA,1.0,1080.0,1080.0,0.0,1
Duluth,MN,1.0,2950.0,2950.0,0.0,1
Dumas,TX,2.0,587.5,587.5,17.67766952966369,2
Dundee,OR,5.0,2595.0,2595.0,0.0,1
Dunwoody,GA,1.0,600.0,600.0,0.0,1
Dunwoody,GA,3.0,1039.0,1039.0,0.0,1
Durham,NC,1.0,1068.0,1145.0,343.23906948878863,18
Durham,NC,2.0,1082.5,1143.4375,271.65492050270933,16
Durham,NC,3.0,1662.0,1608.0,235.68623209682826,3
Durham,NC,5.0,2200.0,2200.0,0.0,1
Eagan,MN,1.0,1185.0,1260.7142857142858,159.85484487049942,7
Eagle River,AK,1.0,940.0,940.0,0.0,1
Eagle River,AK,3.0,1800.0,1800.0,0.0,1
Easley,SC,3.0,825.0,825.0,0.0,1
East Boston,MA,2.0,2435.0,2435.0,0.0,1
East Grand Forks,MN,1.0,495.0,495.0,0.0,2
East Grand Forks,MN,2.0,595.0,595.0,0.0,1
East Hartford,CT,1.0,960.0,987.0,49.06628170138837,5
East Hartford,CT,2.0,1125.0,1121.6666666666667,5.77350269189629,3
East Lansing,MI,1.0,735.0,735.0,21.213203435596427,2
East Lansing,MI,2.0,1225.0,1225.0,742.4621202458749,2
East Lansing,MI,4.0,1100.0,1100.0,0.0,1
East Orange,NJ,1.0,1795.0,1795.0,0.0,1
East Orange,NJ,2.0,1924.0,2046.8,621.2839125552825,5
East Pittsburgh,PA,1.0,555.0,555.0,0.0,1
East Rutherford,NJ,1.0,2220.0,2220.0,0.0,1
East Rutherford,NJ,2.0,2657.5,2657.5,10.606601717798213,2
Easton,PA,2.0,1495.0,1495.0,0.0,1
Eatontown,NJ,1.0,1322.5,1322.5,45.96194077712559,2
Eden Prairie,MN,1.0,1350.0,1291.25,232.32071940889531,4
Eden Prairie,MN,2.0,1380.5,1380.5,310.41987694089437,2
Eden Prairie,MN,4.0,4500.0,4500.0,0.0,1
Edgerton,WI,1.0,386.0,386.0,0.0,1
Edgewater,NJ,1.0,2260.0,2426.6,344.9243395297003,5
Edgewater,NJ,2.0,2690.0,2690.0,0.0,1
Edgewood,MD,2.0,1163.0,1163.0,21.213203435596427,2
Edina,MN,1.0,1362.5,1362.5,159.0990257669732,2
Edina,MN,2.0,1495.0,1398.3333333333333,171.77989793143243,3
Edina,MN,5.0,6000.0,6000.0,0.0,1
Edmond,OK,1.0,880.0,831.8461538461538,91.34353302583071,13
Edmond,OK,2.0,1050.0,1023.5714285714286,155.9401829527613,14
Edmond,OK,3.0,1472.5,1533.9,364.5436873681946,10
Edmond,OK,4.0,2745.0,2745.0,777.8174593052023,2
Edmonds,WA,1.0,1335.0,1352.6666666666667,144.16194597280747,6
Edmonds,WA,2.0,1872.5,1872.5,314.66251762801363,2
Edwardsville,IL,1.0,925.0,925.0,0.0,1
Edwardsville,IL,3.0,1400.0,1333.3333333333333,115.47005383792518,3
El Cajon,CA,1.0,1495.0,1495.0,0.0,1
El Cajon,CA,2.0,2250.0,2250.0,0.0,1
El Dorado,KS,1.0,450.0,450.0,0.0,1
El Mirage,AZ,3.0,1199.0,1199.0,0.0,1
El Paso,TX,2.0,818.0,921.0,198.65296373324009,3
El Segundo,CA,1.0,2395.0,2395.0,0.0,1
Elgin,OK,3.0,1345.0,1345.0,0.0,1
Elgin,SC,3.0,1199.0,1199.0,0.0,1
Elizabeth,NJ,1.0,1649.0,1664.6666666666667,78.67867140040771,3
Elizabeth,NJ,2.0,2059.0,2059.5,29.726531359488725,4
Elizabethtown,KY,0.0,490.0,490.0,0.0,1
Elizabethtown,KY,1.0,509.0,509.0,0.0,1
Elk Grove,CA,4.0,2595.0,2595.0,0.0,1
Elk Grove,CA,5.0,2750.0,2750.0,0.0,1
Elk River,MN,1.0,1490.0,1490.0,0.0,1
Elkhart,IN,1.0,975.0,975.0,0.0,1
Elkhorn,NE,1.0,910.0,910.0,120.20815280171308,2
Elkridge,MD,1.0,1404.0,1404.0,0.0,1
Elkridge,MD,2.0,1652.5,1648.5,142.79705879323984,4
Ellensburg,WA,1.0,825.0,825.0,0.0,1
Ellensburg,WA,2.0,1090.0,1090.0,106.06601717798213,2
Ellicott City,MD,1.0,1416.0,1502.8333333333333,457.7774204421475,6
Ellicott City,MD,2.0,1801.0,1930.2142857142858,432.1228775691947,14
Ellington,CT,2.0,1163.0,1163.0,0.0,1
Elmwood Park,NJ,1.0,1403.5,1403.5,38.890872965260115,2
Elwood,IN,2.0,945.0,945.0,0.0,1
Elyria,OH,1.0,627.0,627.0,0.0,1
Elyria,OH,2.0,687.5,772.0,216.22364964699554,4
Encinitas,CA,2.0,3750.0,3966.6666666666665,1288.7332281482206,3
Encinitas,CA,3.0,4795.0,4795.0,0.0,1
Encinitas,CA,4.0,5700.0,5700.0,0.0,1
Encino,CA,1.0,1649.0,1649.0,0.0,1
Encino,CA,2.0,2398.0,2269.3333333333335,278.2828297493996,3
Englewood,CO,1.0,800.0,800.0,0.0,1
Englewood,CO,2.0,1115.0,1115.0,206.47518010647187,2
Englewood,FL,2.0,995.0,995.0,0.0,1
Englewood,NJ,2.0,2245.0,2245.0,0.0,1
Enterprise,AL,2.0,950.0,950.0,0.0,1
Enumclaw,WA,2.0,1695.0,1695.0,0.0,1
Escondido,CA,2.0,1760.0,1760.0,21.213203435596427,2
Essex Junction,VT,1.0,1100.0,1100.0,0.0,1
Essexville,MI,1.0,699.0,699.0,0.0,1
Euclid,OH,1.0,600.0,600.0,0.0,1
Euclid,OH,2.0,725.0,725.0,35.35533905932738,2
Eugene,OR,1.0,1339.0,1339.0,183.84776310850236,2
Eugene,OR,2.0,1673.0,1673.0,148.49242404917499,2
Euless,TX,1.0,890.0,922.7391304347826,153.09599406649892,23
Euless,TX,2.0,1110.0,1169.4444444444443,289.4081632700092,18
Euless,TX,3.0,1568.5,1549.1666666666667,221.87691783208692,6
Euless,TX,4.0,2444.5,2444.5,14.849242404917497,2
Evanston,IL,1.0,1470.0,1528.3333333333333,242.81337140555775,3
Evanston,IL,2.0,1412.5,1412.5,166.17009357883867,2
Evansville,IN,1.0,630.0,620.6,140.84140016344625,5
Evansville,IN,2.0,640.0,640.0,0.0,1
Everett,MA,1.0,2200.0,2200.0,0.0,1
Everett,WA,1.0,1305.0,1314.2857142857142,136.5695357509796,7
Everett,WA,2.0,1479.0,1551.3333333333333,128.76464318023534,3
Fairborn,OH,1.0,620.0,620.0,0.0,1
Fairborn,OH,2.0,799.0,799.0,0.0,1
Fairborn,OH,3.0,962.0,962.0,0.0,1
Fairfax,VA,1.0,1795.0,1747.3333333333333,104.95872204506554,3
Fairfax,VA,2.0,1430.0,1430.0,28.284271247461902,2
Fairfax,VA,3.0,2750.0,2750.0,0.0,1
Fairfield,CT,2.0,1120.0,1120.0,0.0,1
Fairfield,OH,2.0,1017.0,1017.0,45.254833995939045,2
Fairless Hills,PA,1.0,975.0,975.0,0.0,1
Fall River,MA,2.0,1395.0,1417.0,73.95944834840239,5
Fallston,MD,2.0,1747.5,1730.0,141.4802695313614,4
Fargo,ND,1.0,895.0,923.3333333333334,139.67223537028875,3
Fargo,ND,2.0,847.5,881.6666666666666,222.97234507146098,6
Fargo,ND,3.0,927.5,921.25,78.46177413237608,4
Farmers Branch,TX,1.0,1319.0,1323.6666666666667,47.17343885422527,3
Farmington,CT,1.0,1785.0,1785.0,0.0,1
Farmington,MO,1.0,425.0,425.0,0.0,1
Farmington,NM,1.0,575.0,575.0,0.0,1
Farmington Hills,MI,2.0,1633.0,1633.0,0.0,1
Fayetteville,AR,1.0,650.0,681.3333333333334,54.270925303824804,3
Fayetteville,AR,2.0,850.0,990.8,326.00720850925984,5
Fayetteville,AR,3.0,1167.5,1158.75,221.29825274201028,4
Fayetteville,AR,4.0,1700.0,1700.0,0.0,1
Fayetteville,GA,6.0,3200.0,3200.0,0.0,1
Fayetteville,NC,1.0,1069.0,1069.0,0.0,1
Federal Way,WA,1.0,1247.0,1254.857142857143,63.20977923135151,7
Federal Way,WA,2.0,1475.0,1451.0,203.90438935932696,5
Fenton,MI,1.0,745.0,745.0,0.0,1
Fenton,MO,2.0,784.0,784.0,0.0,1
Fernandina Beach,FL,2.0,1550.0,1550.0,0.0,1
Fernandina Beach,FL,3.0,1899.0,1899.0,0.0,1
Ferndale,MI,1.0,1450.0,1450.0,0.0,1
Ferndale,MI,2.0,1150.0,1150.0,0.0,1
Fernley,NV,4.0,1700.0,1700.0,0.0,1
Findlay,OH,1.0,795.0,795.0,0.0,1
Findlay,OH,2.0,1675.0,1675.0,0.0,2
Fishers,IN,1.0,935.0,935.0,0.0,1
Fitchburg,WI,1.0,1105.0,1105.0,254.55844122715712,2
Fitchburg,WI,2.0,895.0,895.0,0.0,1
Flagstaff,AZ,1.0,1293.5,1293.5,115.25840533340725,2
Flagstaff,AZ,3.0,1069.0,1069.0,0.0,1
Flanders,NJ,1.0,1320.0,1322.142857142857,134.81027232303006,7
Flanders,NJ,2.0,1490.0,1546.6666666666667,111.39269874337967,3
Flint,MI,2.0,870.0,870.0,0.0,1
Florence,KY,1.0,601.0,601.0,29.698484809834994,2
Florence,KY,2.0,991.0,991.0,0.0,1
Florence,SC,2.0,1950.0,1950.0,0.0,2
Florham Park,NJ,1.0,2580.0,2580.0,0.0,1
Florham Park,NJ,2.0,2850.0,2792.0,122.74770873625299,3
Florham Park,NJ,3.0,3245.0,3245.0,0.0,1
Folsom,CA,1.0,1744.0,1744.0,0.0,1
Folsom,CA,4.0,2900.0,2900.0,0.0,1
Fond Du Lac,WI,1.0,622.5,635.5,46.87927758260217,4
Fond Du Lac,WI,2.0,808.0,721.25,199.41644031189273,4
Fond Du Lac,WI,3.0,817.0,817.0,0.0,1
Fontana,CA,1.0,1345.0,1345.0,0.0,1
Fontana,CA,2.0,1325.0,1325.0,0.0,1
Forest Grove,OR,0.0,1130.0,1130.0,0.0,1
Forest Grove,OR,1.0,1075.0,1075.0,0.0,1
Forest Grove,OR,2.0,1200.0,1200.0,0.0,1
Forest Lake,MN,1.0,1295.0,1295.0,0.0,1
Forest Lake,MN,2.0,1027.0,1061.7142857142858,200.52407526754678,7
Forest Lake,MN,3.0,1337.5,1354.0,47.658507460193626,4
Fort Belvoir,VA,2.0,1450.0,1450.0,0.0,1
Fort Collins,CO,1.0,1328.5,1183.5,310.52262397448595,6
Fort Collins,CO,2.0,1595.0,1430.6666666666667,278.26291524383913,9
Fort Collins,CO,3.0,1875.0,1875.0,0.0,1
Fort Collins,CO,5.0,2098.0,2098.0,0.0,1
Fort Lauderdale,FL,1.0,1250.0,1359.0,330.2158385056659,5
Fort Lauderdale,FL,2.0,1622.5,1622.5,385.3731957466684,2
Fort Lauderdale,FL,3.0,3000.0,3000.0,0.0,1
Fort Lauderdale,FL,4.0,2450.0,2450.0,0.0,1
Fort Lee,NJ,1.0,2460.0,2507.3333333333335,385.18740027853113,3
Fort Lee,NJ,2.0,3701.5,3701.5,567.8067452927977,2
Fort Lupton,CO,1.0,847.5,847.5,3.5355339059327378,2
Fort Myers,FL,1.0,950.0,958.3333333333334,162.66017746619278,3
Fort Pierce,FL,2.0,850.0,850.0,0.0,1
Fort Smith,AR,3.0,1350.0,1291.6666666666667,141.4213562373095,9
Fort Walton Beach,FL,2.0,1000.0,1000.0,282.842712474619,2
Fort Walton Beach,FL,3.0,1625.0,1625.0,0.0,1
Fort Washington,MD,1.0,1232.5,1232.5,45.96194077712559,2
Fort Washington,MD,2.0,1420.0,1383.3333333333333,90.73771725877468,3
Fort Wayne,IN,1.0,945.0,945.0,0.0,1
Fort Worth,TX,1.0,915.0,930.1428571428571,111.03367142662711,7
Fort Worth,TX,2.0,1087.5,1087.5,17.67766952966369,2
Fort Worth,TX,3.0,1487.0,1505.75,65.30632945332837,4
Fort Worth,TX,4.0,1562.0,1562.0,230.5168106668145,2
Fountain,CO,1.0,785.0,785.0,0.0,1
Fountain,CO,2.0,1465.0,1465.0,162.63455967290594,2
Fountain Valley,CA,1.0,1675.0,1675.0,0.0,1
Fox Point,WI,1.0,1560.0,1560.0,0.0,1
Framingham,MA,1.0,1719.0,1687.6666666666667,329.12054529204545,3
Frankfort,IN,1.0,662.0,662.0,0.0,1
Frankfort,KY,1.0,713.0,713.0,302.64170234784234,2
Frankfort,KY,2.0,848.0,848.0,329.51176003293114,2
Franklin,IN,3.0,1199.0,1182.6666666666667,126.29462907556018,3
Franklin,IN,4.0,1349.0,1349.0,0.0,2
Franklin,OH,2.0,780.0,780.0,0.0,1
Franklin,TN,1.0,2170.0,2170.0,0.0,1
Franklin,TN,2.0,1757.5,1757.5,272.2361107568208,2
Franklin,WI,1.0,1190.0,1190.0,0.0,1
Franklin Lakes,NJ,1.0,2700.0,2700.0,0.0,1
Frederick,MD,1.0,1250.0,1330.6,168.31310109435924,5
Frederick,MD,2.0,1267.5,1266.25,22.867371223353747,4
Fredericksburg,VA,1.0,1120.0,1120.0,0.0,1
Freeland,WA,1.0,1600.0,1600.0,0.0,1
Fremont,CA,0.0,1875.0,1875.0,0.0,1
Fremont,CA,1.0,2000.0,2000.0,0.0,2
Fremont,CA,2.0,2775.0,2775.0,459.6194077712559,2
Fremont,CA,3.0,3975.0,3975.0,0.0,1
Fremont,NE,2.0,780.0,780.0,0.0,1
Frisco,TX,1.0,1146.0,1146.0,0.0,1
Fullerton,CA,1.0,1635.0,1583.3333333333333,98.2768199187038,3
Fulton,MD,1.0,1765.0,1780.0,62.716292407422586,4
Fulton,MD,2.0,2370.0,2370.0,35.35533905932738,2
Fuquay Varina,NC,3.0,1737.5,1737.5,17.67766952966369,2
Gainesville,FL,1.0,1117.0,1134.25,119.40233107718906,4
Gainesville,FL,2.0,1160.0,1160.0,0.0,1
Gainesville,VA,1.0,1688.0,1688.0,0.0,1
Gaithersburg,MD,1.0,1460.5,1492.875,244.8156376307924,8
Gaithersburg,MD,2.0,1910.0,1888.4285714285713,332.02000800296014,7
Gaithersburg,MD,3.0,1905.0,1905.0,0.0,1
Galveston,TX,1.0,1162.5,1162.5,371.23106012293744,2
Galveston,TX,2.0,1214.0,1214.0,0.0,1
Galveston,TX,3.0,1550.0,1550.0,0.0,1
Gambrills,MD,2.0,2203.0,2203.0,0.0,1
Gansevoort,NY,2.0,1525.0,1525.0,0.0,1
Garden Grove,CA,1.0,1701.5,1701.5,9.192388155425117,2
Gardendale,AL,3.0,1550.0,1550.0,141.4213562373095,2
Gardner,IL,2.0,799.0,799.0,0.0,1
Garfield,NJ,2.0,2510.0,2510.0,0.0,1
Garland,TX,1.0,1079.0,1079.0,0.0,1
Garland,TX,3.0,1599.0,1599.0,0.0,1
Garland,TX,4.0,1349.0,1349.0,0.0,1
Garner,NC,4.0,1525.0,1525.0,0.0,1
Gastonia,NC,1.0,800.0,800.0,0.0,1
Gastonia,NC,3.0,1449.0,1441.0,13.856406460551018,3
Gastonia,NC,4.0,1599.5,1599.5,495.68185361176984,2
Geneva,IL,2.0,1225.0,1225.0,0.0,1
Georgetown,KY,3.0,1120.0,1120.0,0.0,1
Georgetown,TX,1.0,1059.0,1034.2727272727273,131.4960766784248,11
Georgetown,TX,2.0,1000.0,1000.0,0.0,1
Georgetown,TX,3.0,1780.0,1818.3333333333333,141.45081595145828,3
Georgetown,TX,4.0,2700.0,2700.0,0.0,1
Germantown,MD,1.0,1072.0,1072.0,455.3767670841366,2
Germantown,MD,2.0,1637.0,1637.0,0.0,1
Germantown,WI,2.0,1373.0,1373.0,0.0,1
Giddings,TX,2.0,895.0,895.0,0.0,1
Gilbert,AZ,1.0,1110.0,1076.6666666666667,162.58331197676264,3
Gilroy,CA,4.0,3850.0,3850.0,0.0,1
Gladstone,MI,3.0,599.0,599.0,0.0,1
Gladstone,OR,1.0,1269.0,1269.0,0.0,1
Glassboro,NJ,2.0,1825.0,1825.0,70.71067811865476,2
Glastonbury,CT,1.0,1455.0,1455.0,0.0,1
Glastonbury,CT,2.0,1555.0,1555.0,0.0,1
Glen Burnie,MD,1.0,1095.0,1143.6470588235295,198.90479543504932,17
Glen Burnie,MD,2.0,1360.0,1371.4444444444443,173.23979848111628,9
Glendale,AZ,1.0,860.0,826.6666666666666,167.5062187900298,3
Glendale,AZ,2.0,695.0,695.0,0.0,1
Glendale,AZ,3.0,1299.0,1299.0,100.0,3
Glendale,AZ,4.0,1487.0,1487.0,124.45079348883236,2
Glendale,CA,1.0,2042.0,2042.0,11.313708498984761,2
Glendale,CA,2.0,2453.5,2399.5,240.05902052064886,4
Glendale,CA,3.0,3350.0,3350.0,0.0,1
Glendale,CO,1.0,1480.0,1480.0,0.0,1
Glenmont,NY,2.0,1740.0,1740.0,0.0,1
Glenn Heights,TX,4.0,1774.0,1774.0,176.7766952966369,2
Glens Falls,NY,2.0,725.0,725.0,0.0,1
Glenshaw,PA,1.0,680.0,680.0,0.0,1
Glenville,NY,1.0,1195.0,1195.0,0.0,1
Goffstown,NH,2.0,1250.0,1250.0,0.0,1
Golden,CO,1.0,1422.0,1422.0,222.03152929257593,2
Golden,CO,2.0,1879.0,1879.0,0.0,1
Golden,CO,4.0,2740.0,2740.0,0.0,1
Golden Valley,MN,1.0,1460.0,1460.0,0.0,1
Golden Valley,MN,2.0,1437.0,1437.0,52.32590180780452,2
Golden Valley,MN,3.0,1405.0,1405.0,0.0,1
Goldsboro,NC,2.0,837.5,837.5,208.59650045003153,2
Goldsboro,NC,3.0,1095.0,1095.0,0.0,1
Gonzales,LA,1.0,937.0,937.0,0.0,1
Goodlettsville,TN,1.0,995.0,995.0,0.0,1
Goodlettsville,TN,4.0,1625.0,1625.0,0.0,1
Goodyear,AZ,3.0,1399.0,1399.0,0.0,1
Gouverneur,NY,2.0,725.0,725.0,0.0,1
Gouverneur,NY,3.0,825.0,825.0,0.0,1
Gouverneur,NY,4.0,1000.0,1000.0,0.0,1
Graham,NC,2.0,831.0,831.0,0.0,1
Granbury,TX,1.0,1295.0,1295.0,0.0,1
Grand Blanc,MI,3.0,1225.0,1225.0,0.0,1
Grand Forks,ND,0.0,1000.0,1000.0,0.0,1
Grand Forks,ND,1.0,625.0,611.6666666666666,80.82903768654762,3
Grand Forks,ND,2.0,760.0,777.0833333333334,168.52917650464366,12
Grand Forks,ND,3.0,970.0,1037.5,247.73697970047004,10
Grand Forks,ND,4.0,1545.0,1545.0,212.13203435596427,2
Grand Forks,ND,5.0,1575.0,1575.0,0.0,1
Grand Haven,MI,1.0,965.0,965.0,0.0,1
Grand Junction,CO,1.0,872.5,853.75,198.00568173666127,4
Grand Junction,CO,2.0,1050.0,1050.0,0.0,1
Grand Junction,CO,3.0,1750.0,1750.0,0.0,1
Grand Ledge,MI,1.0,650.0,650.0,0.0,1
Grand Prairie,TX,1.0,815.0,815.0,0.0,1
Grand Rapids,MI,1.0,987.5,1025.3333333333333,322.65874645926874,6
Grand Rapids,MI,2.0,695.0,695.0,0.0,1
Grand Rapids,MI,3.0,1262.5,1262.5,618.7184335382291,2
Grandview,MO,1.0,610.0,610.0,91.92388155425118,2
Grandview Heights,OH,1.0,875.0,875.0,0.0,1
Grandy,NC,3.0,1595.0,1595.0,0.0,1
Grapevine,TX,1.0,1310.0,1295.6,79.74521929244409,5
Grapevine,TX,2.0,1344.0,1383.75,225.312190822719,4
Grapevine,TX,3.0,1557.0,1557.0,950.3515139147198,2
Gravette,AR,3.0,875.0,875.0,0.0,1
Greeley,CO,1.0,1120.0,1120.0,0.0,1
Greeley,CO,2.0,1025.0,1025.0,0.0,1
Greeley,CO,3.0,1387.5,1387.5,613.0615792887367,2
Green Bay,WI,1.0,725.0,685.0,87.17797887081348,3
Green Bay,WI,2.0,1278.0,1278.0,0.0,1
Greenbelt,MD,1.0,1472.5,1551.25,173.12688025453087,4
Greenbelt,MD,2.0,2022.0,2022.0,0.0,1
Greendale,WI,1.0,1250.0,1250.0,0.0,1
Greenfield,WI,1.0,949.5,949.5,177.48380207782344,2
Greensboro,GA,4.0,2450.0,2450.0,0.0,1
Greensboro,NC,0.0,500.0,500.0,0.0,1
Greensboro,NC,1.0,725.0,820.5,253.22859677023493,10
Greensboro,NC,2.0,984.0,1038.5,254.02112268319496,14
Greensboro,NC,3.0,1210.0,1276.4,344.0018895296943,5
Greenville,NC,1.0,830.0,830.0,0.0,1
Greenville,NC,2.0,1148.0,1148.0,271.5290039756342,2
Greenville,NC,3.0,1470.0,1351.25,380.599855491302,4
Greenville,SC,1.0,1350.0,1350.0,0.0,1
Greenville,SC,2.0,909.0,901.0,102.23502335305646,3
Greenville,TX,2.0,500.0,500.0,0.0,1
Greenwood,IN,3.0,1175.0,1257.6666666666667,212.42724244628636,3
Greer,SC,3.0,1750.0,1750.0,0.0,1
Gresham,OR,1.0,912.5,912.5,53.033008588991066,2
Gresham,OR,2.0,1270.0,1270.0,35.35533905932738,2
Gretna,NE,1.0,895.0,895.0,0.0,1
Gretna,NE,2.0,825.0,825.0,0.0,1
Grimes,IA,2.0,695.0,695.0,0.0,1
Grimes,IA,4.0,1795.0,1795.0,0.0,1
Groton,CT,1.0,1066.0,1066.0,0.0,1
Groton,CT,2.0,1163.0,1163.0,301.22748878546923,2
Grove,OK,2.0,750.0,750.0,0.0,1
Gulfport,MS,1.0,640.0,640.0,0.0,1
Hackensack,NJ,1.0,1650.0,1638.0,328.11202355293227,5
Hackensack,NJ,2.0,2595.0,2484.285714285714,354.8406751795864,7
Haddonfield,NJ,1.0,1310.0,1310.0,0.0,1
Hales Corners,WI,1.0,1000.0,1000.0,0.0,1
Hamden,CT,1.0,1325.0,1355.0,127.67145334803705,3
Hamden,CT,2.0,965.0,965.0,0.0,1
Hamilton,OH,1.0,830.0,798.3333333333334,68.25198409814422,3
Hammond,LA,1.0,984.0,984.0,0.0,1
Hampshire,IL,2.0,1595.0,1595.0,141.4213562373095,2
Hampshire,IL,3.0,1795.0,1795.0,0.0,1
Hampstead,NC,1.0,1025.0,1025.0,0.0,1
Hampton,GA,4.0,1425.0,1425.0,0.0,2
Hampton,NH,1.0,1105.0,1105.0,0.0,1
Hampton,NH,2.0,1295.0,1295.0,0.0,1
Hampton,VA,1.0,923.5,923.5,318.90515831513295,2
Hampton,VA,2.0,1340.0,1350.0,198.99748742132397,4
Hanover,MD,1.0,1639.0,1703.8333333333333,142.19246453204536,12
Hanover,MD,2.0,2137.5,2097.9,346.0983964135055,10
Hanover,MD,3.0,2870.0,2870.0,0.0,1
Happy Valley,OR,1.0,1340.0,1340.0,0.0,1
Happy Valley,OR,3.0,2395.0,2395.0,0.0,1
Harker Heights,TX,2.0,925.0,925.0,0.0,1
Harlingen,TX,1.0,535.0,545.0,50.7444578254611,3
Harlingen,TX,3.0,1000.0,1000.0,0.0,1
Harrisburg,SD,1.0,725.0,725.0,0.0,1
Harrisburg,SD,2.0,1060.0,1128.3333333333333,118.35680518387332,3
Harrison,MI,2.0,450.0,450.0,0.0,1
Harrison,NJ,1.0,2175.0,2175.0,0.0,1
Harrison,NJ,2.0,2450.0,2450.0,0.0,1
Harrison,NY,1.0,2298.0,2298.0,0.0,1
Harrison Township,MI,1.0,785.0,785.0,7.0710678118654755,2
Hartford,CT,1.0,950.0,950.0,0.0,1
Hartford,CT,2.0,1377.5,1436.6666666666667,481.9612709198392,6
Hartford,CT,3.0,1300.0,1300.0,0.0,1
Hartford,CT,4.0,1350.0,1350.0,0.0,1
Hartford,SD,3.0,1500.0,1500.0,0.0,1
Hartford,WI,2.0,1225.0,1225.0,0.0,1
Hartland,WI,1.0,1150.0,1150.0,0.0,1
Hartland,WI,2.0,1095.0,1095.0,0.0,1
Harvey,LA,2.0,990.0,990.0,0.0,1
Harvey,LA,3.0,1080.0,1080.0,0.0,1
Hasbrouck Heights,NJ,1.0,1475.0,1451.6666666666667,77.67453465154028,3
Hattiesburg,MS,2.0,875.0,858.3333333333334,66.58328118479395,3
Haverhill,MA,2.0,1200.0,1200.0,0.0,1
Hawthorne,CA,1.0,1450.0,1450.0,0.0,1
Hawthorne,CA,2.0,1840.0,1811.6666666666667,403.24723598970064,3
Haymarket,VA,3.0,2300.0,2300.0,0.0,1
Hayward,CA,1.0,1862.0,1862.0,52.32590180780452,2
Hazelwood,MO,3.0,1045.0,1045.0,0.0,1
Helotes,TX,3.0,1500.0,1500.0,0.0,1
Hemet,CA,1.0,1175.0,1175.0,42.42640687119285,2
Henderson,KY,2.0,585.0,585.0,0.0,1
Henderson,NV,2.0,1450.0,1450.0,0.0,1
Henderson,NV,3.0,1750.0,1765.0,123.18684994754919,3
Henderson,NV,4.0,2275.0,2541.6666666666665,953.3930633969043,3
Henderson,TX,3.0,795.0,795.0,0.0,1
Hendersonville,NC,3.0,1100.0,1100.0,0.0,1
Hendersonville,TN,3.0,1775.0,1775.0,0.0,1
Henrico,VA,1.0,975.0,975.0,0.0,1
Henrico,VA,2.0,1087.5,1163.25,232.8495580126075,4
Henrico,VA,3.0,1300.0,1300.0,0.0,1
Hermitage,TN,2.0,1485.0,1485.0,0.0,1
Hermosa Beach,CA,1.0,2075.0,2075.0,0.0,1
Herndon,VA,1.0,1608.0,1608.0,2.8284271247461903,2
Herndon,VA,2.0,2278.0,2278.0,0.0,1
Hickory,NC,1.0,922.0,922.0,0.0,1
Hickory,NC,2.0,750.0,750.0,0.0,1
High Point,NC,1.0,750.0,750.0,0.0,2
High Point,NC,2.0,860.0,860.0,7.0710678118654755,2
Highland,IN,1.0,1110.0,1110.0,0.0,1
Highland,IN,2.0,1585.0,1585.0,0.0,1
Highland Park,MI,1.0,550.0,550.0,0.0,1
Highlands Ranch,CO,1.0,915.0,915.0,0.0,1
Hilliard,OH,1.0,848.0,848.0,0.0,1
Hilliard,OH,2.0,1390.0,1390.0,0.0,1
Hillsboro,OR,1.0,1258.5,1258.5,89.80256121069154,2
Hillsboro,OR,2.0,1430.0,1430.0,120.20815280171308,2
Hillsboro,OR,3.0,1595.0,1595.0,0.0,1
Hillsborough,CA,1.0,3388.0,3388.0,0.0,1
Hillsborough,NC,1.0,834.0,834.0,83.43860018001261,2
Hillsborough,NC,2.0,1061.0,1061.0,1.4142135623730951,2
Hillsborough,NC,3.0,1158.0,1158.0,32.526911934581186,2
Hinesville,GA,4.0,1325.0,1325.0,0.0,1
Hiram,GA,1.0,725.0,725.0,0.0,1
Hiram,GA,3.0,1425.0,1425.0,141.4213562373095,2
Hixson,TN,1.0,799.0,799.0,0.0,1
Hixson,TN,3.0,1225.0,1225.0,0.0,1
Hoboken,NJ,2.0,2900.0,2775.0,238.4848003542364,3
Holly Hill,FL,3.0,3000.0,3000.0,0.0,1
Holly Springs,NC,1.0,995.0,995.0,0.0,1
Holly Springs,NC,2.0,1220.0,1220.0,0.0,1
Hollywood,CA,0.0,3567.0,3567.0,0.0,1
Hollywood,FL,5.0,11000.0,11000.0,0.0,1
Holt,MI,2.0,900.0,900.0,0.0,1
Homestead,FL,2.0,1350.0,1350.0,0.0,2
Homestead,FL,3.0,1650.0,1650.0,0.0,1
Homestead,PA,1.0,1121.0,1127.4,98.12899673389101,5
Homewood,IL,1.0,1050.0,1050.0,0.0,1
Honolulu,HI,1.0,1789.5,1789.5,13.435028842544403,2
Honolulu,HI,2.0,1700.0,1700.0,0.0,1
Honolulu,HI,3.0,3100.0,3100.0,424.26406871192853,2
Honolulu,HI,5.0,4395.0,4395.0,0.0,1
Hoover,AL,1.0,730.0,730.0,0.0,1
Hope Mills,NC,1.0,919.0,919.0,0.0,1
Hopkins,MN,1.0,1242.0,1242.0,329.51176003293114,2
Hopkins,MN,2.0,1399.0,1399.0,0.0,1
Horicon,WI,2.0,975.0,975.0,0.0,1
Horseshoe Bay,TX,1.0,1210.0,1210.0,0.0,1
Hortonville,WI,2.0,725.0,725.0,0.0,1
Hoschton,GA,4.0,1300.0,1300.0,0.0,1
Hot Springs,AR,1.0,590.0,590.0,0.0,1
Houghton,MI,1.0,600.0,600.0,0.0,1
Houston,TX,0.0,1072.5,1087.0,238.22618303980417,8
Houston,TX,1.0,908.0,939.5608108108108,275.47656236591814,148
Houston,TX,2.0,1195.0,1103.111111111111,329.964939214928,9
Houston,TX,3.0,1312.5,1361.111111111111,232.23767969319934,18
Houston,TX,4.0,1612.0,1612.0,89.09545442950498,2
Houston,TX,5.0,2395.0,2395.0,0.0,1
Hudson,IA,2.0,1095.0,1095.0,0.0,1
Humble,TX,1.0,809.0,809.0,0.0,1
Humble,TX,2.0,1178.5,1178.5,311.8340905032675,2
Humble,TX,3.0,1412.0,1393.0,124.36352244241762,8
Humble,TX,4.0,1612.5,1612.5,194.45436482630058,2
Hummelstown,PA,1.0,755.0,755.0,0.0,1
Huntersville,NC,3.0,1449.0,1449.0,0.0,1
Huntersville,NC,4.0,1850.0,1850.0,0.0,1
Huntington Beach,CA,1.0,2600.0,2600.0,0.0,1
Huntington Beach,CA,2.0,2200.0,2200.0,0.0,1
Huntington Beach,CA,3.0,4995.0,4995.0,0.0,1
Huntsville,AL,4.0,957.5,957.5,413.6574669941303,2
Hurricane,UT,4.0,1877.5,1877.5,258.0939751330898,2
Hutchinson,MN,2.0,1040.0,1040.0,0.0,1
Hyattsville,MD,1.0,1207.5,1310.5,260.7828872562659,8
Hyattsville,MD,2.0,1765.0,1659.4285714285713,210.51829464669424,7
Hyattsville,MD,3.0,1809.5,1809.5,835.0931085813127,2
Hyde Park,MA,1.0,2150.0,2150.0,0.0,1
Independence,IA,2.0,900.0,900.0,0.0,1
Independence,MO,1.0,670.0,650.0,43.58898943540674,3
Independence,MO,2.0,695.0,695.0,0.0,1
Independence,OR,3.0,1350.0,1350.0,0.0,1
Indian Trail,NC,4.0,1649.0,1649.0,0.0,1
Indianapolis,IN,1.0,801.5,826.0,179.23067919202998,12
Indianapolis,IN,2.0,856.0,860.2,87.40251712622468,5
Indianapolis,IN,3.0,1299.0,1241.4545454545455,237.62380505175136,11
Indianapolis,IN,4.0,1399.0,1416.3333333333333,101.12039029460541,3
Indianola,IA,2.0,675.0,675.0,0.0,1
Ingalls,IN,4.0,1275.0,1275.0,0.0,1
Ingleside,TX,1.0,950.0,950.0,0.0,1
Inglewood,CA,1.0,1810.0,1810.0,21.213203435596427,2
Inglewood,CA,2.0,1825.0,1825.0,106.06601717798213,2
Inver Grove Heights,MN,1.0,1250.0,1250.0,0.0,1
Iowa City,IA,0.0,850.0,850.0,0.0,1
Iowa City,IA,1.0,1000.0,1000.0,0.0,1
Iowa City,IA,2.0,1300.0,1300.0,70.71067811865476,2
Iowa City,IA,4.0,2100.0,2100.0,0.0,1
Irmo,SC,3.0,1199.0,1221.125,97.8051086892412,8
Irmo,SC,4.0,1349.0,1349.0,141.4213562373095,2
Irondale,AL,3.0,1775.0,1746.25,67.86935980249116,4
Irvine,CA,3.0,3700.0,3700.0,0.0,1
Irvine,CA,4.0,4400.0,4400.0,0.0,1
Irving,TX,1.0,1370.0,1370.0,0.0,1
Irving,TX,3.0,3200.0,3200.0,0.0,1
Issaquah,WA,1.0,1792.0,1849.3333333333333,162.17274740226864,9
Issaquah,WA,2.0,2791.0,2476.5714285714284,449.80768377269015,7
Issaquah,WA,3.0,2989.0,2671.4,495.0790845915428,5
Ivins,UT,3.0,1575.0,1575.0,176.7766952966369,2
Jackson,MI,2.0,615.0,615.0,0.0,1
Jackson,NJ,2.0,1625.0,1625.0,0.0,1
Jackson,WI,2.0,1305.0,1295.0,17.320508075688775,3
Jacksonville,AL,2.0,950.0,950.0,0.0,1
Jacksonville,AL,3.0,950.0,950.0,0.0,1
Jacksonville,FL,1.0,895.0,894.5555555555555,172.7520702561268,9
Jacksonville,FL,2.0,1087.0,1087.0,195.16147160748713,2
Jacksonville,FL,3.0,1499.0,2154.6,996.6344866599791,5
Jacksonville,FL,4.0,1449.0,1449.0,0.0,1
Jacksonville,TX,3.0,390.0,390.0,0.0,1
Jamaica Plain,MA,3.0,2750.0,2750.0,0.0,1
Jamestown,NC,1.0,924.5,924.5,20.506096654409877,2
Jamestown,NC,2.0,1174.0,1174.0,0.0,1
Janesville,WI,1.0,930.0,930.0,0.0,1
Janesville,WI,2.0,799.0,799.0,0.0,1
Jeffersonville,IN,1.0,649.0,649.0,0.0,1
Jenks,OK,2.0,899.0,899.0,0.0,1
Jersey City,NJ,0.0,1700.0,1700.0,0.0,1
Jersey City,NJ,1.0,2920.0,2692.9523809523807,595.6686558977631,21
Jersey City,NJ,2.0,3725.0,3618.285714285714,802.1493653900154,14
Jersey City,NJ,3.0,2996.0,2996.0,0.0,1
Jersey City,NJ,4.0,3622.5,3622.5,1941.008114357073,2
Jessup,MD,1.0,1745.0,1745.0,0.0,1
Johnson City,TN,1.0,612.5,612.5,265.1650429449553,2
Johnston,IA,1.0,891.0,913.6666666666666,72.70029802781646,3
Johnston,IA,2.0,964.5,964.5,48.79036790187178,2
Johnston,IA,3.0,1367.0,1367.0,0.0,1
Joliet,IL,2.0,1485.0,1485.0,0.0,1
Jonesboro,AR,1.0,797.5,797.5,286.37824638055173,2
Jonesboro,AR,3.0,1105.0,1105.0,0.0,1
Jonesboro,GA,3.0,1000.0,1000.0,0.0,1
Jonesboro,GA,4.0,1399.0,1399.0,0.0,1
Joppa,MD,1.0,825.0,825.0,0.0,1
Joppa,MD,2.0,1010.0,1010.0,0.0,1
Junction City,KS,3.0,1250.0,1250.0,0.0,1
Junction City,KS,4.0,1300.0,1300.0,70.71067811865476,2
Jupiter,FL,3.0,2400.0,2400.0,0.0,1
Kailua,HI,2.0,2150.0,2150.0,0.0,1
Kailua,HI,4.0,9000.0,9000.0,707.1067811865476,2
Kalamazoo,MI,1.0,728.0,728.0,74.95331880577403,2
Kalamazoo,MI,2.0,850.0,850.0,0.0,1
Kalamazoo,MI,9.0,3195.0,3195.0,0.0,1
Kaneohe,HI,2.0,2900.0,2900.0,0.0,1
Kankakee,IL,1.0,796.0,796.0,0.0,1
Kannapolis,NC,3.0,1299.0,1299.0,0.0,1
Kansas City,KS,1.0,665.0,678.0,132.92855223765886,5
Kansas City,KS,2.0,950.0,950.0,0.0,1
Kansas City,MO,0.0,650.0,650.0,0.0,1
Kansas City,MO,1.0,797.5,840.6739130434783,230.16757705326364,46
Kansas City,MO,2.0,950.0,1079.8536585365853,398.8765198012794,41
Kansas City,MO,3.0,1305.0,1286.0,260.0461497503856,4
Kansas City,MO,4.0,1095.0,1095.0,0.0,1
Kansas City,MO,5.0,1100.0,1100.0,0.0,1
Katy,TX,1.0,930.0,930.0,0.0,1
Katy,TX,3.0,1462.5,1462.5,17.67766952966369,2
Kaukauna,WI,2.0,1000.0,1000.0,0.0,1
Kaysville,UT,2.0,910.0,910.0,0.0,1
Kearny,NJ,1.0,1885.0,1885.0,0.0,1
Kearny,NJ,2.0,1680.0,1680.0,0.0,1
Keene,NH,2.0,1375.0,1375.0,0.0,1
Keene,NH,4.0,1700.0,1700.0,0.0,1
Keizer,OR,2.0,875.0,875.0,0.0,1
Kenmore,WA,1.0,1637.5,1601.25,194.09512272766327,4
Kenmore,WA,2.0,1567.5,1567.5,24.748737341529164,2
Kenmore,WA,3.0,2995.0,2995.0,0.0,1
Kennesaw,GA,1.0,919.0,919.0,0.0,1
Kennesaw,GA,4.0,1425.0,1425.0,0.0,1
Kenosha,WI,1.0,1120.0,1120.0,0.0,1
Kenosha,WI,2.0,1039.0,1039.0,0.0,1
Kenosha,WI,3.0,1000.0,1000.0,0.0,1
Kent,WA,1.0,1443.0,1460.909090909091,116.84092119544788,22
Kent,WA,2.0,1703.0,1592.923076923077,227.09192761906704,13
Kent,WA,3.0,2298.0,2298.0,0.0,1
Kent,WA,4.0,1933.0,1933.0,229.1025971044414,2
Kernersville,NC,1.0,964.0,964.0,0.0,1
Kernersville,NC,2.0,1044.5,996.25,142.42512652852614,4
Kernersville,NC,4.0,1595.0,1595.0,0.0,1
Key Biscayne,FL,2.0,9500.0,9500.0,0.0,1
Keyser,WV,2.0,513.0,513.0,0.0,1
Kill Devil Hills,NC,2.0,1740.0,1740.0,0.0,1
Kingsport,TN,1.0,680.0,691.0,92.64987857520376,4
Kingsport,TN,2.0,645.0,645.0,0.0,1
Kingston,NH,1.0,1350.0,1350.0,0.0,1
Kingwood,TX,1.0,963.0,963.0,83.43860018001261,2
Kirkland,WA,0.0,1400.0,1400.0,0.0,1
Kirkland,WA,1.0,1737.5,1895.0,466.46629031474504,16
Kirkland,WA,2.0,1997.5,2057.1428571428573,489.2927167221709,14
Kirkland,WA,3.0,2775.0,2775.0,0.0,1
Kirkland,WA,5.0,3999.0,3999.0,0.0,1
Kirkwood,MO,2.0,1100.0,1100.0,0.0,1
Kissimmee,FL,1.0,1239.0,1218.8,194.49987146525316,5
Kissimmee,FL,2.0,1509.0,1602.6666666666667,329.6366686722418,3
Kissimmee,FL,3.0,2012.0,2012.0,0.0,1
Kissimmee,FL,4.0,2597.0,2597.0,0.0,1
Klamath Falls,OR,3.0,1995.0,1995.0,0.0,1
Knightdale,NC,1.0,820.0,820.0,0.0,1
Knightdale,NC,2.0,1042.0,1057.0,140.10353314602742,3
Knightdale,NC,3.0,1180.0,1180.0,39.59797974644666,2
Knoxville,TN,1.0,783.5,813.75,93.32872012408615,4
Knoxville,TN,2.0,730.0,730.0,134.35028842544403,2
Knoxville,TN,3.0,2640.0,2640.0,0.0,1
Kokomo,IN,1.0,800.0,801.3333333333334,123.00541993478714,3
Kokomo,IN,2.0,697.5,697.5,10.606601717798213,2
Kokomo,IN,3.0,850.0,850.0,0.0,1
Kutztown,PA,4.0,1200.0,1200.0,0.0,1
Kyle,TX,1.0,1019.5,963.3333333333334,144.17026970449442,6
Kyle,TX,2.0,1212.5,1212.5,116.67261889578035,2
Kyle,TX,3.0,1262.5,1262.5,371.23106012293744,2
La Canada Flintridge,CA,3.0,4250.0,4250.0,0.0,1
La Crosse,WI,3.0,915.0,915.0,0.0,1
La Habra,CA,1.0,1555.0,1555.0,0.0,1
La Habra,CA,2.0,2446.0,2446.0,0.0,1
La Habra,CA,3.0,2810.0,2810.0,0.0,1
La Jolla,CA,2.0,3842.5,3842.5,1629.8811306349921,2
La Mesa,CA,1.0,1575.0,1575.0,282.842712474619,2
La Mesa,CA,2.0,1872.5,1892.5,196.57483731817422,4
La Mirada,CA,2.0,2077.0,2077.0,0.0,1
La Puente,CA,1.0,900.0,900.0,0.0,1
La Quinta,CA,1.0,1369.0,1369.0,0.0,1
La Vergne,TN,2.0,1229.0,1229.0,0.0,1
La Verne,CA,1.0,1747.5,1747.5,258.0939751330898,2
La Vista,NE,2.0,770.0,770.0,0.0,1
La Vista,NE,3.0,1105.0,1105.0,551.5432893255071,2
Ladera Ranch,CA,3.0,3200.0,3200.0,70.71067811865476,2
Lady Lake,FL,2.0,1009.0,1009.0,0.0,1
Lafayette,AL,1.0,2000.0,2000.0,0.0,1
Lafayette,CO,1.0,925.0,925.0,0.0,1
Lafayette,IN,1.0,672.5,759.625,185.18346758462712,16
Lafayette,IN,2.0,750.0,813.8571428571429,321.96962521399365,14
Lafayette,LA,1.0,725.0,725.0,0.0,1
Lafayette,LA,3.0,1200.0,1200.0,0.0,1
Lake Balboa,CA,1.0,1255.0,1255.0,0.0,1
Lake Charles,LA,2.0,1177.0,1163.3333333333333,393.6779563721257,3
Lake Elsinore,CA,1.0,1440.0,1440.0,0.0,1
Lake Forest,IL,3.0,4000.0,4000.0,0.0,1
Lake Forest Park,WA,1.0,1575.0,1575.0,0.0,1
Lake Orion,MI,2.0,1637.5,1637.5,88.38834764831844,2
Lake Oswego,OR,2.0,1150.0,1150.0,0.0,1
Lake Worth,FL,1.0,1000.0,1000.0,0.0,2
Lake Worth,FL,2.0,1240.0,1240.0,0.0,1
Lake Worth,FL,3.0,1785.0,1785.0,0.0,1
Lakeland,FL,2.0,275.0,275.0,0.0,1
Lakeville,IN,1.0,795.0,795.0,0.0,1
Lakeville,MN,1.0,1149.0,1149.0,0.0,1
Lakeway,TX,1.0,1212.0,1212.0,0.0,1
Lakewood,CA,1.0,1610.0,1610.0,0.0,1
Lakewood,CA,3.0,2415.0,2415.0,0.0,1
Lakewood,CO,1.0,1237.5,1173.375,246.89207445475327,8
Lakewood,CO,2.0,1325.0,1353.0,183.4598048619915,5
Lakewood,NJ,2.0,1445.0,1445.0,0.0,1
Lakewood,OH,1.0,625.0,625.0,0.0,1
Lakewood,WA,1.0,1045.0,1045.0,0.0,1
Lancaster,TX,3.0,1599.0,1599.0,70.71067811865476,2
Lancaster,TX,4.0,1699.0,1699.0,0.0,1
Landover,MD,1.0,1587.0,1587.0,0.0,1
Langley,WA,2.0,2000.0,2000.0,0.0,1
Langley,WA,3.0,2400.0,2400.0,0.0,1
Lanham,MD,1.0,1273.0,1273.0,0.0,1
Lansing,MI,0.0,700.0,700.0,0.0,1
Lansing,MI,2.0,730.0,794.3333333333334,129.13687828553597,3
Lansing,MI,3.0,1600.0,1600.0,1131.370849898476,2
Larchmont,NY,1.0,1600.0,1600.0,0.0,1
Larchmont,NY,3.0,2695.0,2695.0,0.0,1
Las Vegas,NV,0.0,750.0,750.0,0.0,1
Las Vegas,NV,1.0,986.0,1009.7096774193549,233.98492737045942,31
Las Vegas,NV,2.0,1277.5,1224.15,331.98050220781613,40
Las Vegas,NV,3.0,1420.0,1467.0,226.57890457851545,7
Las Vegas,NV,4.0,2900.0,2900.0,0.0,1
Las Vegas,NV,5.0,9500.0,9500.0,0.0,1
Lauderhill,FL,2.0,1200.0,1200.0,0.0,1
Laurel,MD,1.0,1252.5,1231.1,140.39187219272267,10
Laurel,MD,2.0,1615.0,1667.4545454545455,315.08486591277716,11
Laurel,MD,3.0,2532.5,2532.5,81.31727983645297,2
Laveen,AZ,4.0,1549.0,1549.0,0.0,1
Lawrence,KS,1.0,635.0,708.3333333333334,144.6835627614047,3
Lawrence,KS,2.0,887.5,825.75,153.27181737031762,4
Lawrence,KS,3.0,980.0,980.0,0.0,1
Lawrence,MA,3.0,1300.0,1300.0,0.0,1
Lawrence,NJ,1.0,1390.0,1390.0,0.0,1
Lawrence,NJ,2.0,1835.0,1775.0,175.1485084150019,7
Lawrence,NJ,3.0,1885.0,1885.0,0.0,1
Lawrenceville,GA,1.0,1044.5,1079.5625,113.24779247296614,16
Lawrenceville,GA,2.0,1287.5,1334.5,194.3766593865779,8
Lawrenceville,GA,3.0,1474.0,1467.75,197.2703305956913,4
Lawrenceville,GA,4.0,1449.0,1449.0,70.71067811865476,2
Lawrenceville,GA,5.0,2295.0,2295.0,0.0,1
League City,TX,1.0,906.0,906.0,0.0,1
League City,TX,3.0,1499.0,1499.0,0.0,1
Leander,TX,1.0,1040.0,1068.4,70.37613231771122,5
Leander,TX,3.0,2024.5,2024.5,36.062445840513924,2
Leavenworth,KS,2.0,825.0,825.0,0.0,1
Leawood,KS,1.0,880.0,880.0,0.0,1
Leawood,KS,2.0,2733.0,2733.0,0.0,1
Lebanon,IN,1.0,369.0,369.0,0.0,1
Lebanon,NH,1.0,1745.0,1745.0,7.0710678118654755,2
Lebanon,OH,2.0,1449.0,1449.0,0.0,1
Lebanon,OR,2.0,1072.5,1072.5,251.02290732122438,2
Lees Summit,MO,1.0,841.0,841.0,234.75945135393377,2
Lees Summit,MO,2.0,805.0,805.0,127.27922061357856,2
Lees Summit,MO,3.0,1500.0,1500.0,0.0,1
Leesburg,VA,2.0,1941.0,1941.0,0.0,1
Leesville,LA,1.0,499.0,499.0,0.0,1
Lehi,UT,3.0,1575.0,1575.0,0.0,1
Leland,MS,2.0,675.0,675.0,0.0,1
Lemon Grove,CA,2.0,2200.0,2200.0,0.0,1
Lenexa,KS,1.0,844.5,844.5,154.8563850798539,2
Lenexa,KS,3.0,1472.5,1472.5,31.81980515339464,2
Lenexa,KS,4.0,2950.0,2950.0,0.0,1
Leon Valley,TX,1.0,830.0,830.0,0.0,1
Leonia,NJ,1.0,1626.0,1626.0,0.0,1
Lewes,DE,4.0,1900.0,1900.0,0.0,1
Lewisville,TX,1.0,895.5,895.5,78.48885271170677,2
Lewisville,TX,2.0,1089.0,1089.0,0.0,1
Lexington,KY,0.0,584.5,584.5,105.35891039679558,2
Lexington,KY,1.0,764.5,742.5,71.20323026380193,6
Lexington,KY,2.0,1346.5,1317.0,427.9400269508178,4
Lexington,KY,3.0,670.5,670.5,170.41273426595797,2
Lexington,KY,4.0,3400.0,3400.0,0.0,1
Lexington,KY,5.0,2625.0,2625.0,0.0,1
Lexington,MA,1.0,2230.0,2230.0,0.0,1
Lexington,MA,2.0,2185.0,2185.0,0.0,1
Lexington,SC,3.0,1299.0,1349.2857142857142,191.85560046183542,7
Lexington,SC,4.0,1499.0,1537.4,214.27739031451733,5
Lexington,SC,5.0,2547.0,2547.0,73.53910524340094,2
Lexington Park,MD,2.0,1411.0,1319.6666666666667,216.93393771683893,3
Liberty Hill,TX,2.0,1100.0,1100.0,0.0,1
Liberty Hill,TX,3.0,1690.0,1690.0,0.0,1
Lilburn,GA,1.0,930.0,930.0,0.0,1
Lilburn,GA,2.0,1175.0,1115.8,130.95304501996128,5
Lilburn,GA,3.0,1365.0,1365.0,0.0,1
Lima,OH,1.0,584.0,584.0,0.0,1
Lincoln,AL,3.0,1247.5,1247.5,208.59650045003153,2
Lincoln,AL,4.0,1250.0,1250.0,0.0,2
Lincoln,NE,1.0,867.5,856.5,118.01482957662564,6
Lincoln,NE,2.0,997.0,1025.6666666666667,233.2052029150865,6
Lincoln,NE,3.0,1270.0,1270.0,855.5992052357225,2
Lincoln Park,MI,1.0,650.0,650.0,0.0,1
Linden,NJ,2.0,1689.0,1689.0,0.0,1
Linthicum Heights,MD,1.0,1530.0,1495.3333333333333,96.77465232866165,3
Linthicum Heights,MD,3.0,2300.0,2300.0,0.0,2
Litchfield,MI,1.0,535.0,535.0,0.0,1
Lithonia,GA,1.0,980.0,947.8571428571429,72.767732252303,7
Lithonia,GA,2.0,1095.0,1158.5,101.04602911544818,6
Lithonia,GA,3.0,1252.5,1252.5,194.45436482630058,2
Lithonia,GA,4.0,2100.0,2100.0,0.0,1
Little River,SC,1.0,500.0,500.0,0.0,1
Little Rock,AR,1.0,826.0,803.1666666666666,122.1432219432035,6
Little Rock,AR,2.0,935.0,935.0,0.0,1
Little Rock,AR,3.0,1112.5,1112.5,123.74368670764582,2
Littleton,CO,1.0,1050.0,1108.8,196.84943484805845,5
Live Oak,TX,1.0,925.0,925.0,0.0,1
Livermore,CA,1.0,1943.0,1943.0,103.23759005323593,2
Livermore,CA,3.0,3672.5,3672.5,738.9265863399422,2
Livermore,CA,4.0,3187.5,3187.5,272.2361107568208,2
Liverpool,NY,2.0,1501.0,1501.0,0.0,1
Locust,NC,4.0,1425.0,1425.0,0.0,1
Lodi,CA,1.0,800.0,800.0,0.0,1
Logansport,IN,1.0,650.0,650.0,0.0,1
Loganville,GA,3.0,1500.0,1500.0,35.35533905932738,2
Loganville,GA,4.0,1549.0,1549.0,0.0,1
Londonderry,NH,1.0,1245.0,1245.0,0.0,1
Londonderry,NH,3.0,1575.0,1575.0,0.0,1
Lone Tree,CO,1.0,1255.0,1255.0,0.0,1
Lone Tree,CO,3.0,1352.0,1352.0,0.0,1
Long Beach,CA,0.0,1540.0,1462.5,348.46090168051853,4
Long Beach,CA,1.0,1817.5,1793.2142857142858,408.62493213806124,14
Long Beach,CA,2.0,1808.0,2013.6,494.0124058592629,15
Long Beach,CA,3.0,2974.5,2973.25,339.1974596996073,4
Long Beach,CA,4.0,2200.0,2200.0,0.0,1
Long Branch,NJ,1.0,2515.0,2515.0,0.0,1
Long Branch,NJ,2.0,2605.0,2605.0,0.0,1
Longmont,CO,1.0,1361.0,1142.0,382.7884533263771,3
Longmont,CO,2.0,1507.5,1523.5,224.06025975170164,4
Longmont,CO,3.0,2100.0,2100.0,0.0,1
Longview,TX,1.0,640.0,641.6,22.412050330123748,5
Longview,TX,2.0,769.0,915.5,265.2189661393016,6
Longwood,FL,1.0,755.0,755.0,0.0,1
Longwood,FL,2.0,1325.0,1325.0,176.7766952966369,2
Loomis,CA,3.0,3400.0,3400.0,0.0,1
Lorton,VA,1.0,850.0,850.0,0.0,1
Los Alamitos,CA,2.0,2295.0,2295.0,0.0,1
Los Angeles,CA,0.0,1495.0,1602.0,466.42561801733956,15
Los Angeles,CA,1.0,2325.0,2307.855072463768,527.219489825474,69
Los Angeles,CA,2.0,2898.0,3395.7462686567164,1850.0924820723728,67
Los Angeles,CA,3.0,4022.5,5222.125,3384.274618944002,8
Los Angeles,CA,4.0,8800.0,9359.0,6046.685455685619,5
Los Angeles,CA,6.0,14950.0,14950.0,0.0,1
Los Gatos,CA,2.0,2740.0,2740.0,0.0,1
Louisville,KY,1.0,919.0,908.0,172.76284322735603,3
Louisville,KY,2.0,875.0,875.0,141.4213562373095,2
Louisville,KY,3.0,1495.0,1495.0,0.0,1
Louisville,OH,2.0,995.0,995.0,0.0,1
Loveland,CO,1.0,919.5,919.5,225.56706319850866,2
Loveland,CO,2.0,1425.0,1425.0,0.0,2
Loveland,OH,1.0,1019.0,1017.3333333333334,40.525712002793156,3
Loveland,OH,2.0,1185.0,1185.0,0.0,1
Loveland,OH,3.0,1146.0,1146.0,0.0,1
Loves Park,IL,2.0,915.0,915.0,0.0,1
Lowell,MA,1.0,1289.0,1391.3333333333333,211.920582608989,3
Lowell,MA,2.0,1222.0,1222.0,0.0,1
Lubbock,TX,0.0,1325.0,1325.0,0.0,1
Lubbock,TX,1.0,758.5,765.5,189.09697688399638,4
Lubbock,TX,2.0,804.0,804.0,29.698484809834994,2
Lubbock,TX,3.0,1325.0,1394.909090909091,221.35738277521017,11
Lubbock,TX,4.0,2500.0,2500.0,0.0,1
Lufkin,TX,1.0,800.0,800.0,0.0,1
Lufkin,TX,2.0,842.5,842.5,236.88077169749343,2
Lumberton,NJ,1.0,1240.0,1240.0,0.0,1
Lutherville Timonium,MD,1.0,1100.0,1100.0,190.91883092036784,2
Lutherville Timonium,MD,3.0,1560.0,1560.0,0.0,1
Lutz,FL,1.0,1002.0,1002.0,0.0,1
Lutz,FL,5.0,6900.0,6900.0,0.0,1
Lynchburg,VA,1.0,765.0,765.0,183.84776310850236,2
Lynchburg,VA,2.0,1000.0,1000.0,0.0,1
Lynchburg,VA,4.0,1750.0,1750.0,0.0,1
Lyndhurst,NJ,1.0,1957.0,1957.0,0.0,1
Lyndhurst,NJ,2.0,2646.0,2646.0,383.2518754031088,2
Lynnwood,WA,1.0,1392.0,1428.923076923077,175.6594534596518,13
Lynnwood,WA,2.0,1683.0,1691.8666666666666,302.74384898002154,15
Lynnwood,WA,3.0,1832.5,1839.5,362.0151930513414,4
Lynnwood,WA,4.0,1819.5,1819.5,2.1213203435596424,2
Lytle,TX,2.0,902.0,902.0,0.0,1
Macedonia,OH,2.0,2041.0,2041.0,0.0,1
Macon,GA,1.0,1137.5,1139.6666666666667,207.78033272344777,6
Macon,GA,2.0,637.5,637.5,17.67766952966369,2
Macon,NC,2.0,978.0,978.0,0.0,1
Madison,TN,3.0,1350.0,1350.0,0.0,1
Madison,WI,0.0,995.0,995.0,0.0,1
Madison,WI,1.0,1145.0,1158.0,255.17849145255173,33
Madison,WI,2.0,1300.0,1277.078947368421,253.1550514711261,38
Madison,WI,3.0,1585.0,1620.1538461538462,312.23038831064383,26
Madison,WI,4.0,2322.5,2320.5,589.4463032748992,10
Madison,WI,5.0,2495.0,2586.5555555555557,512.9478801767076,9
Madison,WI,6.0,2125.0,2125.0,0.0,1
Madison,WI,7.0,5355.0,5355.0,0.0,1
Madison,WI,8.0,8345.0,8345.0,0.0,1
Mahomet,IL,2.0,1249.0,1249.0,0.0,1
Mahtomedi,MN,1.0,1500.0,1500.0,0.0,1
Maitland,FL,1.0,1300.0,1300.0,0.0,1
Malden,MA,1.0,2000.0,2000.0,0.0,1
Malden,MA,2.0,1900.0,1900.0,0.0,1
Malden,MA,4.0,2550.0,2550.0,0.0,1
Malibu,CA,2.0,4450.0,4450.0,0.0,1
Manahawkin,NJ,1.0,1435.0,1435.0,0.0,1
Manassas,VA,1.0,775.0,775.0,176.7766952966369,2
Manassas,VA,2.0,1575.0,1575.0,141.4213562373095,2
Manassas Park,VA,2.0,1256.0,1256.0,0.0,1
Manchester,CT,1.0,1347.5,1320.0,192.39715867617863,4
Manchester,CT,2.0,1447.5,1466.25,104.83121354507605,4
Manchester,CT,3.0,1550.0,1550.0,0.0,1
Manchester,NH,1.0,1239.0,1226.142857142857,136.42021914099166,7
Manchester,NH,2.0,1355.0,1335.6666666666667,89.76291523998626,15
Manchester,NH,3.0,1599.0,1599.0,0.0,1
Manchester,NH,4.0,1200.0,1200.0,0.0,1
Mandan,ND,1.0,805.0,798.0,57.074512700504066,5
Mandan,ND,2.0,1695.0,1695.0,0.0,1
Mandan,ND,3.0,1695.0,1666.8,42.61689805699144,5
Manhattan,KS,0.0,575.0,575.0,0.0,1
Manhattan,KS,1.0,450.0,450.0,0.0,1
Manhattan,KS,2.0,650.0,650.0,0.0,1
Manhattan,KS,4.0,1345.0,1347.25,217.99904434041298,4
Manhattan,KS,6.0,2300.0,2300.0,0.0,1
Manhattan,NY,0.0,2562.5,2562.5,123.74368670764582,2
Manitou Springs,CO,1.0,850.0,850.0,0.0,1
Manitowoc,WI,1.0,485.0,485.0,0.0,1
Mankato,MN,1.0,668.0,668.0,0.0,1
Mansfield,OH,2.0,654.0,654.0,0.0,1
Mansfield,TX,1.0,1240.0,1185.2,176.13403986736918,5
Mansfield,TX,2.0,1515.0,1507.111111111111,148.58116001401763,9
Mansfield,TX,3.0,1780.0,1863.0,223.16137658654108,5
Mansfield,TX,4.0,1995.0,1995.0,0.0,1
Manson,NC,2.0,1237.5,1237.5,314.66251762801363,2
Maple Grove,MN,1.0,1450.0,1450.0,0.0,1
Maple Heights,OH,1.0,599.0,599.0,0.0,1
Maple Rapids,MI,2.0,595.0,595.0,0.0,1
Maple Shade,NJ,1.0,1075.0,1104.0,73.34848328356897,5
Maple Shade,NJ,2.0,1335.0,1335.0,0.0,1
Maple Valley,WA,1.0,1470.0,1470.0,35.35533905932738,2
Maple Valley,WA,2.0,1915.0,1906.6666666666667,55.89492306321232,12
Maple Valley,WA,3.0,2165.0,2163.75,79.62150044638278,4
Maple Valley,WA,4.0,2945.0,2945.0,0.0,1
Maplewood,MN,2.0,1025.0,1025.0,0.0,1
Marblehead,MA,2.0,3195.0,3195.0,0.0,1
Maricopa,AZ,4.0,1799.0,1799.0,0.0,1
Marietta,GA,1.0,1013.0,992.3333333333334,156.326827266074,27
Marietta,GA,2.0,1140.0,1200.0833333333333,212.8692018621981,24
Marietta,GA,3.0,1429.0,1468.1818181818182,155.74583023748542,11
Marietta,GA,4.0,1649.0,1649.0,0.0,1
Marietta,OH,1.0,1100.0,1100.0,0.0,1
Marina Del Rey,CA,1.0,2607.0,2519.8,590.2437632029668,5
Marina Del Rey,CA,3.0,3450.0,3450.0,0.0,1
Marlton,NJ,2.0,1565.0,1565.0,438.4062043356595,2
Marquette,MI,2.0,758.0,758.0,0.0,1
Marshall,MI,1.0,700.0,700.0,0.0,1
Marshall,MI,2.0,700.0,700.0,0.0,1
Marshall,MI,3.0,1450.0,1450.0,0.0,1
Martinez,CA,1.0,1878.0,1878.0,0.0,1
Marysville,WA,2.0,1295.0,1295.0,0.0,1
Maryville,TN,3.0,3000.0,3000.0,0.0,1
Mason,OH,1.0,985.0,985.0,0.0,1
Mason,OH,2.0,2180.0,2180.0,0.0,1
Mason,OH,4.0,1775.0,1775.0,0.0,1
Massillon,OH,2.0,655.0,655.0,0.0,1
Matthews,NC,3.0,1395.0,1398.0,99.53391381835641,3
Matthews,NC,4.0,2250.0,2250.0,0.0,1
Mauldin,SC,1.0,1009.0,1009.0,0.0,1
Maumee,OH,1.0,642.5,642.5,38.890872965260115,2
Maumee,OH,2.0,995.0,995.0,0.0,1
Maumelle,AR,2.0,660.0,660.0,0.0,1
Mayville,ND,2.0,475.0,475.0,0.0,1
Mc Farland,WI,2.0,1399.0,1399.0,0.0,1
Mc Kees Rocks,PA,3.0,725.0,725.0,0.0,1
Mcallen,TX,2.0,1500.0,1500.0,0.0,1
Mcdonough,GA,1.0,1010.0,1010.0,0.0,1
Mckeesport,PA,1.0,680.0,680.0,35.35533905932738,2
Mckeesport,PA,2.0,785.0,785.0,28.284271247461902,2
Mckinney,TX,4.0,1825.0,1825.0,0.0,1
Mcminnville,OR,3.0,1595.0,1595.0,0.0,1
Mebane,NC,1.0,845.5,866.0,70.46039076436253,4
Mebane,NC,2.0,986.0,986.0,32.526911934581186,2
Mebane,NC,3.0,1179.0,1143.6666666666667,253.8510061696296,3
Mechanicsville,VA,3.0,1900.0,1900.0,0.0,1
Medford,MA,2.0,2085.0,1766.0,518.2832237300374,5
Medford,MA,5.0,3800.0,3800.0,0.0,1
Medford,NJ,2.0,1400.0,1400.0,0.0,1
Medford,OR,1.0,1199.0,1199.0,0.0,1
Medford,OR,3.0,2685.0,2685.0,438.4062043356595,2
Medford Lakes,NJ,1.0,965.0,965.0,0.0,1
Media,PA,1.0,1435.0,1435.0,0.0,1
Medina,WA,1.0,1581.0,1581.0,0.0,1
Medina,WA,3.0,2019.0,2019.0,0.0,1
Meeker,OK,2.0,632.0,632.0,0.0,1
Melrose,MA,1.0,2355.0,2355.0,0.0,1
Melrose,MA,2.0,2800.0,2800.0,0.0,1
Memphis,TN,1.0,665.5,788.75,348.9989254997786,4
Memphis,TN,2.0,914.5,973.0,188.14001878033994,4
Memphis,TN,3.0,1995.0,1995.0,0.0,1
Memphis,TN,4.0,4350.0,4350.0,0.0,1
Menasha,WI,2.0,875.0,875.0,0.0,1
Mendota Heights,MN,1.0,1525.0,1525.0,0.0,1
Menifee,CA,1.0,1515.0,1515.0,0.0,1
Menlo Park,CA,4.0,8200.0,8200.0,0.0,1
Menomonee Falls,WI,2.0,1095.0,1095.0,0.0,1
Menomonee Falls,WI,3.0,1095.0,1095.0,0.0,1
Mequon,WI,1.0,1500.0,1531.6666666666667,54.84827557301442,3
Mequon,WI,2.0,1525.0,1525.0,0.0,1
Merced,CA,3.0,1750.0,1750.0,0.0,1
Mercedes,TX,2.0,485.0,485.0,0.0,1
Mercer Island,WA,1.0,1824.0,1824.0,418.60721446243616,2
Mercer Island,WA,2.0,1837.5,1905.0,445.7839536516913,4
Meriden,CT,2.0,1500.0,1500.0,0.0,1
Meridian,ID,1.0,646.0,646.0,0.0,1
Merriam,KS,2.0,955.0,955.0,0.0,1
Merrimack,NH,1.0,1199.0,1199.0,0.0,1
Mesa,AZ,1.0,907.5,907.5,116.67261889578035,2
Mesa,AZ,2.0,1599.0,1599.0,0.0,1
Mesa,AZ,3.0,1899.5,1899.5,424.9711754931151,2
Mesquite,TX,3.0,1399.0,1459.0,155.72411502397438,5
Metairie,LA,1.0,750.0,750.0,0.0,1
Methuen,MA,2.0,1550.0,1550.0,0.0,1
Miami,FL,1.0,1511.0,1486.111111111111,484.0558966804465,9
Miami,FL,2.0,2725.0,2862.5,1342.4945685799503,4
Miami,FL,3.0,6700.0,6700.0,0.0,1
Miami Beach,FL,0.0,5000.0,5000.0,0.0,1
Miami Beach,FL,1.0,1900.0,1900.0,0.0,1
Miami Beach,FL,2.0,1925.0,1925.0,388.90872965260115,2
Miamisburg,OH,1.0,1115.0,1115.0,0.0,1
Miamisburg,OH,2.0,1202.5,1202.5,625.7895013500946,2
Michigan City,IN,1.0,288.0,288.0,0.0,1
Micro,NC,2.0,1177.0,1177.0,16.97056274847714,2
Middlesex,NC,1.0,1110.0,1110.0,0.0,1
Middlesex,NC,2.0,1159.0,1159.0,0.0,1
Middleton,WI,1.0,1412.5,1412.5,24.748737341529164,2
Middletown,CT,1.0,1105.0,1105.0,0.0,1
Middletown,OH,1.0,1047.0,1047.0,0.0,1
Middletown,OH,2.0,1289.5,1289.5,3.5355339059327378,2
Middletown,OH,4.0,1675.0,1675.0,0.0,1
Midland,MI,1.0,575.0,575.0,0.0,1
Midland,MI,3.0,1000.0,1000.0,0.0,1
Midland,TX,1.0,1092.5,1224.5,252.17333104214032,10
Midland,TX,4.0,2650.0,2650.0,0.0,1
Midlothian,TX,3.0,1587.0,1587.0,53.74011537017761,2
Midlothian,VA,1.0,1119.0,1119.0,0.0,1
Midvale,UT,1.0,859.0,859.0,0.0,1
Midvale,UT,2.0,1150.0,1150.0,0.0,1
Midwest City,OK,3.0,975.0,975.0,0.0,1
Milan,IL,3.0,2200.0,2200.0,0.0,1
Milford,CT,1.0,1795.0,1793.3333333333333,47.521924764610844,3
Milford,CT,2.0,1695.0,1695.0,0.0,1
Milford,NH,1.0,1369.0,1369.0,0.0,1
Milford,NH,2.0,1294.0,1407.3333333333333,211.51044103463704,6
Milford,OH,2.0,928.0,928.0,0.0,1
Mililani,HI,2.0,2050.0,2050.0,0.0,1
Mill Creek,WA,2.0,1414.0,1414.0,0.0,1
Millburn,NJ,1.0,1795.0,1795.0,282.842712474619,2
Milledgeville,GA,1.0,475.0,475.0,0.0,1
Milledgeville,GA,2.0,812.5,812.5,265.1650429449553,2
Millersville,MD,2.0,1527.0,1527.0,0.0,1
Milpitas,CA,2.0,3150.0,3150.0,0.0,1
Milwaukee,WI,1.0,1185.0,1148.8974358974358,316.35704303439,39
Milwaukee,WI,2.0,1000.0,1061.8,296.09776377792133,15
Milwaukee,WI,3.0,1549.0,1441.0,323.59189465392086,8
Milwaukee,WI,4.0,1749.0,1749.0,70.71067811865476,2
Milwaukie,OR,2.0,1325.0,1325.0,0.0,1
Milwaukie,OR,5.0,3895.0,3895.0,0.0,1
Minneapolis,MN,1.0,1325.0,1349.969696969697,390.878136767753,33
Minneapolis,MN,2.0,1400.0,1522.9285714285713,448.4586713334684,28
Minneapolis,MN,3.0,2597.5,2597.5,562.1498910433053,2
Minneapolis,MN,4.0,1995.0,1995.0,0.0,1
Minnetonka,MN,1.0,1295.0,1248.8,150.01566584860396,5
Minnetonka,MN,2.0,1350.0,1350.0,0.0,1
Minnetonka,MN,3.0,956.0,956.0,0.0,1
Minot,ND,1.0,775.0,690.6666666666666,154.0044835463596,15
Minot,ND,2.0,755.0,725.25,152.42319032013611,20
Minot,ND,3.0,985.0,1022.5,202.71079563424013,4
Mishawaka,IN,1.0,1180.0,1180.0,0.0,1
Mission,KS,1.0,877.5,872.5,15.54563175514803,4
Mission,KS,2.0,1000.0,1000.0,35.35533905932738,2
Mission,TX,2.0,578.0,578.0,0.0,1
Mission Viejo,CA,4.0,4950.0,4950.0,0.0,1
Missoula,MT,2.0,1295.0,1295.0,282.842712474619,2
Missoula,MT,3.0,1745.0,1745.0,0.0,1
Missouri City,TX,1.0,877.0,877.0,0.0,1
Missouri City,TX,4.0,1299.0,1299.0,0.0,1
Mobile,AL,1.0,497.5,497.5,187.3832970144351,2
Moline,IL,2.0,875.0,875.0,0.0,1
Moncure,NC,1.0,1029.0,1029.0,0.0,1
Moncure,NC,2.0,1190.0,1190.0,28.284271247461902,2
Monroe,MI,2.0,775.0,775.0,141.4213562373095,2
Monroe,NC,3.0,1412.0,1412.0,18.384776310850235,2
Monroe,OH,4.0,1695.0,1695.0,0.0,6
Monroe,WA,2.0,1450.0,1450.0,0.0,1
Monroeville,PA,1.0,835.0,872.1428571428571,113.79283599510791,7
Monroeville,PA,2.0,995.0,1063.142857142857,333.3553802232829,7
Monroeville,PA,3.0,1050.0,1050.0,0.0,1
Monrovia,CA,1.0,2051.5,2051.5,259.50818869546293,2
Monrovia,CA,2.0,1939.0,1939.0,0.0,1
Montclair,NJ,1.0,2250.0,2250.0,0.0,1
Montclair,NJ,2.0,2860.0,2760.0,361.66282640050247,4
Montebello,CA,1.0,1715.0,1715.0,0.0,1
Montecito,CA,4.0,7200.0,7200.0,0.0,1
Montecito,CA,6.0,25000.0,25000.0,0.0,1
Montgomery,TX,1.0,1175.0,1175.0,0.0,1
Monticello,MN,3.0,1700.0,1700.0,0.0,1
Monument,CO,4.0,2400.0,2400.0,0.0,1
Monument,CO,5.0,2350.0,2350.0,0.0,1
Moore,OK,0.0,850.0,850.0,0.0,1
Moore,OK,2.0,1025.0,1025.0,0.0,1
Moore,OK,4.0,1995.0,1995.0,0.0,1
Mooresville,NC,1.0,905.0,905.0,0.0,1
Mooresville,NC,3.0,1325.0,1331.0,31.79098404684366,4
Mooresville,NC,4.0,1649.0,1649.0,0.0,1
Mooresville,NC,5.0,1995.0,1995.0,0.0,1
Moorhead,MN,1.0,850.0,831.6666666666666,79.10962857537211,3
Moorpark,CA,1.0,1310.0,1310.0,0.0,1
Moraine,OH,2.0,799.0,799.0,0.0,1
Moreno Valley,CA,1.0,1465.0,1396.6666666666667,127.1154331044556,3
Morgan Hill,CA,4.0,3800.0,3800.0,0.0,1
Morrisville,NC,1.0,1057.0,1061.3333333333333,118.45955709298713,6
Morrisville,NC,2.0,1242.5,1249.2,138.6096036435507,10
Morrow,GA,4.0,1575.0,1575.0,0.0,1
Moses Lake,WA,1.0,750.0,750.0,0.0,1
Mosinee,WI,2.0,850.0,850.0,0.0,1
Mound,MN,1.0,1050.0,1050.0,0.0,1
Mount Airy,MD,1.0,200.0,200.0,0.0,1
Mount Clemens,MI,1.0,675.0,675.0,0.0,1
Mount Holly,NC,3.0,1300.0,1300.0,0.0,1
Mount Holly,NJ,1.0,1510.0,1510.0,120.20815280171308,2
Mount Holly,NJ,2.0,2135.0,2135.0,0.0,1
Mount Laurel,NJ,1.0,1448.0,1454.2,95.23759761774758,5
Mount Laurel,NJ,2.0,1764.0,1634.3333333333333,246.55695758451705,3
Mount Rainier,MD,1.0,1148.0,1148.0,0.0,1
Mount Rainier,MD,2.0,1278.0,1278.0,0.0,1
Mountain View,CA,1.0,2545.0,2545.0,494.9747468305833,2
Mountain View,CA,3.0,5000.0,5000.0,0.0,1
Mountlake Terrace,WA,1.0,1347.5,1348.0,16.911534525287767,4
Mountlake Terrace,WA,2.0,1400.0,1480.0,138.5640646055102,3
Mountlake Terrace,WA,3.0,2212.5,2212.5,265.1650429449553,2
Mukwonago,WI,2.0,1245.0,1245.0,360.62445840513925,2
Muncie,IN,2.0,671.0,671.0,41.012193308819754,2
Muncie,IN,3.0,689.0,689.0,0.0,1
Mundelein,IL,1.0,1400.0,1400.0,0.0,1
Mundelein,IL,2.0,1720.0,1720.0,0.0,1
Murfreesboro,TN,3.0,1425.0,1425.0,0.0,1
Murfreesboro,TN,4.0,1750.0,1750.0,0.0,1
Murfreesboro,TN,5.0,1795.0,1795.0,0.0,1
Murray,UT,1.0,835.0,835.0,0.0,1
Murray,UT,2.0,925.0,925.0,0.0,1
Murrieta,CA,3.0,1700.0,1700.0,0.0,1
Mustang,OK,3.0,1595.0,1595.0,0.0,1
Mustang,OK,4.0,1495.0,1495.0,0.0,1
Myrtle Beach,SC,2.0,1020.0,1020.0,0.0,1
Nacogdoches,TX,1.0,715.0,715.0,0.0,1
Nacogdoches,TX,2.0,780.0,780.0,0.0,1
Naperville,IL,1.0,1075.0,1075.0,0.0,1
Naples,FL,1.0,1082.5,1082.5,307.59144981614816,2
Naples,FL,4.0,2300.0,2300.0,0.0,1
Nashua,NH,1.0,1371.0,1389.75,163.60801732596522,4
Nashua,NH,2.0,1410.0,1445.0,165.3027525481654,3
Nashua,NH,4.0,1135.0,1135.0,0.0,1
Nashville,TN,1.0,1780.0,1706.6470588235295,533.0209823703555,17
Nashville,TN,2.0,1814.5,1750.5,495.1940023869433,6
Nashville,TN,3.0,2350.0,2350.0,0.0,1
Natchitoches,LA,2.0,909.5,909.5,50.204581464244875,2
National City,CA,1.0,1295.0,1295.0,0.0,1
Needham,MA,4.0,4100.0,4100.0,0.0,1
Needham Heights,MA,1.0,2552.0,2552.0,0.0,1
Needham Heights,MA,2.0,3497.0,3497.0,0.0,1
Neenah,WI,1.0,800.0,800.0,0.0,1
Neenah,WI,3.0,975.0,975.0,0.0,1
Neptune City,NJ,1.0,1795.0,1795.0,0.0,1
Neptune City,NJ,2.0,1885.0,1885.0,0.0,2
Neptune City,NJ,3.0,2375.0,2375.0,0.0,1
Nevada,IA,2.0,650.0,650.0,0.0,1
New Bedford,MA,1.0,1432.5,1432.5,88.38834764831844,2
New Bedford,MA,2.0,1000.0,1000.0,0.0,1
New Berlin,WI,1.0,925.0,925.0,0.0,1
New Bern,NC,1.0,1560.0,1560.0,0.0,2
New Braunfels,TX,1.0,961.5,982.5,78.38260861526193,10
New Braunfels,TX,2.0,995.0,995.0,0.0,1
New Braunfels,TX,3.0,1449.0,1474.25,50.50000000000002,4
New Brighton,MN,1.0,950.0,950.0,0.0,1
New Brunswick,NJ,0.0,1225.0,1360.0,233.82685902179844,3
New Brunswick,NJ,1.0,1400.0,1400.0,0.0,1
New Brunswick,NJ,2.0,2027.5,2027.5,215.667568261897,2
New Canton,VA,1.0,595.0,595.0,0.0,1
New Carlisle,IN,1.0,636.0,636.0,0.0,1
New Castle,DE,3.0,2099.0,2099.0,0.0,1
New Haven,CT,1.0,1755.0,1755.0,0.0,1
New Haven,CT,2.0,1697.5,1697.5,3.5355339059327378,2
New Holstein,WI,2.0,975.0,975.0,0.0,1
New Kensington,PA,1.0,445.0,445.0,42.42640687119285,2
New Kensington,PA,2.0,565.0,565.0,155.56349186104046,2
New London,CT,1.0,925.0,920.4,57.496086823365644,5
New London,CT,2.0,998.0,1005.6666666666666,149.97803760786405,18
New London,WI,3.0,915.0,915.0,0.0,1
New Orleans,LA,2.0,761.0,761.0,0.0,1
New Port Richey,FL,1.0,849.0,849.0,0.0,1
New Rochelle,NY,0.0,1635.0,1635.0,0.0,1
New Rochelle,NY,1.0,2260.0,2260.0,56.568542494923804,2
New Rochelle,NY,2.0,3000.0,3000.0,0.0,1
New York,NY,1.0,4307.5,4307.5,682.3580438450184,2
New York,NY,2.0,3950.0,3950.0,0.0,1
Newark,NJ,1.0,1030.0,1030.0,0.0,1
Newark,NJ,3.0,1750.0,1750.0,0.0,1
Newark,TX,4.0,1599.0,1599.0,0.0,1
Newberg,OR,2.0,1495.0,1495.0,0.0,1
Newberg,OR,3.0,2295.0,2295.0,0.0,1
Newburyport,MA,2.0,1725.0,1725.0,0.0,1
Newcastle,WA,2.0,2165.0,2165.0,42.42640687119285,2
Newmarket,NH,1.0,925.0,925.0,0.0,1
Newport,KY,2.0,640.0,640.0,0.0,1
Newport Beach,CA,2.0,2795.0,2795.0,0.0,1
Newport News,VA,1.0,849.5,900.1666666666666,192.23154441107388,6
Newport News,VA,2.0,785.0,848.3333333333334,109.69655114602891,3
Newport News,VA,3.0,920.0,935.0,307.77426793024785,3
Newton,KS,2.0,567.5,567.5,60.10407640085654,2
Newton,MA,1.0,2675.0,2675.0,318.1980515339464,2
Newton,MA,3.0,2800.0,2800.0,0.0,1
Newton Highlands,MA,2.0,3093.5,3093.5,211.4249275747777,2
Niceville,FL,2.0,1500.0,1500.0,0.0,1
Niles,OH,1.0,420.0,420.0,0.0,1
Nixa,MO,1.0,590.0,590.0,0.0,1
Nixa,MO,2.0,1895.0,1895.0,0.0,1
Noblesville,IN,3.0,1174.0,1174.0,106.06601717798213,2
Norcross,GA,1.0,973.0,973.0,199.4041122946064,2
Norfolk,NE,2.0,700.0,700.0,70.71067811865476,2
Norfolk,VA,1.0,1329.0,1284.6666666666667,105.94463963158621,6
Norfolk,VA,2.0,1517.0,1474.5833333333333,444.55298453683343,12
Norfolk,VA,3.0,1109.0,1131.0,79.32212806020776,3
Normal,IL,2.0,2600.0,2600.0,0.0,1
Norman,OK,1.0,809.0,831.1428571428571,209.98129168367083,7
Norman,OK,2.0,1350.0,1173.1538461538462,329.1364084762052,26
Norman,OK,3.0,1150.0,1029.2857142857142,301.09174365172834,7
North Bergen,NJ,1.0,2022.5,2031.25,53.131127097650264,4
North Bergen,NJ,2.0,2690.0,2690.0,431.335136523794,2
North Bethesda,MD,5.0,4000.0,4000.0,0.0,1
North Fort Myers,FL,1.0,600.0,600.0,0.0,1
North Haven,CT,2.0,2195.0,2195.0,0.0,1
North Hollywood,CA,1.0,2295.0,2100.2,505.0199996039761,5
North Hollywood,CA,2.0,2499.0,2594.6666666666665,357.23988205872723,3
North Hollywood,CA,3.0,3600.0,3600.0,0.0,1
North Kansas City,MO,0.0,595.0,595.0,0.0,1
North Kansas City,MO,2.0,1015.0,1015.0,0.0,1
North Las Vegas,NV,2.0,845.0,845.0,0.0,1
North Las Vegas,NV,3.0,2050.0,2050.0,0.0,2
North Liberty,IA,2.0,1295.0,1295.0,0.0,1
North Miami,FL,1.0,1246.0,1246.0,0.0,1
North Muskegon,MI,1.0,530.0,530.0,0.0,1
North Port,FL,1.0,1150.0,1150.0,0.0,1
North Port,FL,2.0,1305.0,1305.0,91.92388155425118,2
North Potomac,MD,1.0,1150.0,1150.0,0.0,1
North Richland Hills,TX,1.0,928.0,928.0,0.0,1
North Richland Hills,TX,2.0,1276.0,1276.0,0.0,1
North Royalton,OH,1.0,888.0,888.0,0.0,1
North Royalton,OH,2.0,1356.0,1356.0,0.0,1
North Salt Lake,UT,1.0,970.0,970.0,0.0,1
North Sioux City,SD,1.0,820.0,820.0,0.0,1
North Tonawanda,NY,2.0,1500.0,1500.0,0.0,1
North Versailles,PA,2.0,635.0,635.0,0.0,1
Northbrook,IL,1.0,1629.0,1629.0,0.0,1
Northglenn,CO,1.0,1259.0,1259.0,0.0,1
Northridge,CA,2.0,2198.0,2198.0,0.0,1
Northridge,CA,3.0,2900.0,2900.0,0.0,1
Northridge,CA,5.0,4800.0,4800.0,0.0,1
Northville,MI,2.0,1500.0,1500.0,0.0,1
Norwalk,CA,1.0,1761.0,1754.75,361.2906263199568,4
Norwalk,CT,2.0,2125.0,2125.0,176.7766952966369,2
Norwalk,IA,1.0,830.0,830.0,0.0,1
Norwich,CT,1.0,947.5,947.5,137.88582233137677,2
Norwich,CT,2.0,1275.0,1275.0,0.0,1
Norwich,OH,4.0,1795.0,1795.0,0.0,1
Norwood,MA,2.0,2095.0,2095.0,0.0,1
Norwood,MA,3.0,2445.0,2445.0,70.71067811865476,2
Novi,MI,1.0,1003.0,1003.0,0.0,1
O Fallon,MO,1.0,745.0,745.0,0.0,1
Oak Island,NC,1.0,899.0,899.0,0.0,1
Oak Island,NC,3.0,1800.0,1800.0,0.0,1
Oak Park,IL,3.0,1610.0,1610.0,0.0,1
Oakdale,MN,2.0,1206.0,1206.0,0.0,1
Oakdale,PA,1.0,865.0,851.6666666666666,75.88368291888139,3
Oakdale,PA,2.0,920.0,920.0,0.0,1
Oakland,CA,0.0,1750.0,1750.0,0.0,1
Oakland,CA,1.0,2600.0,2469.0,661.7361004710765,13
Oakland,CA,2.0,2372.5,2490.8333333333335,423.79731790876946,6
Oakland,CA,3.0,4500.0,4500.0,0.0,1
Oakland,CA,4.0,5765.0,5765.0,0.0,1
Oakland,CA,5.0,6995.0,6995.0,0.0,1
Oakland Park,FL,2.0,1450.0,1450.0,0.0,1
Oakland Township,MI,2.0,2812.5,2812.5,1396.5358928434314,2
Oaklyn,NJ,1.0,1060.0,1058.0,49.6990945591567,5
Oaklyn,NJ,2.0,1215.0,1238.3333333333333,49.32882862316245,3
Ocala,FL,1.0,959.0,959.0,0.0,1
Ocala,FL,3.0,1465.0,1465.0,0.0,1
Oceanside,CA,1.0,1510.0,1510.0,0.0,1
Oceanside,CA,2.0,1695.0,1695.0,0.0,1
Oceanside,CA,3.0,3045.0,3045.0,636.3961030678928,2
Odenton,MD,1.0,1743.0,1704.0,227.02643017939565,3
Odenton,MD,2.0,1845.0,1844.4285714285713,73.92982515615091,7
Odenton,MD,3.0,1795.0,1795.0,0.0,1
Odessa,FL,1.0,1111.0,1111.0,0.0,1
Odessa,TX,1.0,1297.5,1314.375,234.17694012373266,8
Ogden,IA,1.0,625.0,625.0,0.0,1
Ogden,UT,2.0,650.0,650.0,0.0,1
Ogden,UT,3.0,1195.0,1195.0,0.0,1
Oklahoma City,OK,1.0,900.0,970.0,264.08929142650567,27
Oklahoma City,OK,2.0,910.0,1105.2777777777778,387.40308929430495,18
Oklahoma City,OK,3.0,1050.0,974.0,280.4327013741443,5
Oklahoma City,OK,4.0,1695.0,1695.0,0.0,1
Olathe,KS,1.0,945.5,945.5,147.78531726798843,2
Olathe,KS,2.0,1100.0,1100.0,0.0,1
Olathe,KS,3.0,1475.0,1475.0,530.3300858899106,2
Olympia,WA,2.0,1100.0,1100.0,0.0,1
Omaha,NE,0.0,995.0,995.0,537.4011537017761,2
Omaha,NE,1.0,825.0,817.3720930232558,122.36110167311267,43
Omaha,NE,2.0,977.5,1025.25,322.9379062673625,24
Omaha,NE,3.0,1557.0,1522.3333333333333,393.64535646526645,6
Ontario,CA,1.0,1370.0,1370.0,0.0,1
Ooltewah,TN,3.0,1900.0,1900.0,0.0,1
Opa Locka,FL,2.0,1200.0,1200.0,0.0,1
Orange,CA,1.0,1400.0,1400.0,0.0,1
Orange,CA,2.0,2380.0,2358.3333333333335,190.3855736831619,6
Orange,CA,3.0,2800.0,2533.6666666666665,465.63970334726974,3
Orange,CA,4.0,3600.0,3600.0,0.0,1
Orange,NJ,1.0,1299.0,1299.0,0.0,1
Orange,TX,1.0,648.0,642.5,36.13400983376557,4
Orange,TX,4.0,1500.0,1500.0,0.0,1
Orange Park,FL,3.0,1449.0,1449.0,0.0,1
Oregon City,OR,1.0,1200.0,1200.0,0.0,1
Oregon City,OR,2.0,1285.0,1285.0,0.0,1
Oregon City,OR,3.0,2575.0,2575.0,0.0,1
Orem,UT,1.0,1116.0,1116.0,0.0,1
Orem,UT,2.0,999.0,999.0,0.0,1
Orinda,CA,2.0,4200.0,4200.0,0.0,1
Orinda,CA,4.0,4750.0,4750.0,0.0,1
Orland Park,IL,1.0,1595.0,1595.0,0.0,1
Orlando,FL,1.0,1089.0,1084.4444444444443,177.80796720792458,18
Orlando,FL,2.0,1117.0,1311.8333333333333,473.4530247729616,6
Orlando,FL,3.0,1775.0,1615.0,767.4333847312091,5
Orlando,FL,4.0,2500.0,2512.5,557.3374202401988,4
Orlando,FL,5.0,3000.0,3000.0,0.0,1
Oroville,CA,2.0,935.0,935.0,0.0,1
Ortonville,MI,2.0,850.0,850.0,0.0,1
Oscoda,MI,3.0,800.0,800.0,0.0,1
Overland Park,KS,1.0,784.5,861.0,171.72652678022695,10
Overland Park,KS,2.0,867.5,867.5,152.02795795510772,2
Oviedo,FL,2.0,1514.0,1514.0,0.0,1
Owasso,OK,2.0,700.0,700.0,0.0,1
Owings Mills,MD,1.0,1242.0,1249.25,108.10912696591967,4
Owings Mills,MD,2.0,1534.5,1576.0,127.31378558506536,6
Owings Mills,MD,3.0,1488.0,1488.0,0.0,1
Oxford,AL,2.0,922.5,922.5,102.5304832720494,2
Oxford,GA,2.0,800.0,800.0,0.0,1
Oxford,MS,3.0,1800.0,1800.0,0.0,1
Oxford,NC,2.0,1832.0,1832.0,0.0,1
Oxnard,CA,1.0,1677.0,1677.0,0.0,1
Oxnard,CA,2.0,2026.5,2026.5,101.1162697096763,2
Oxnard,CA,3.0,7500.0,7500.0,0.0,1
Oxon Hill,MD,1.0,1240.0,1240.0,0.0,1
Oxon Hill,MD,2.0,1229.0,1229.0,0.0,1
Oxon Hill,MD,3.0,1670.0,1670.0,0.0,1
Ozark,MO,1.0,550.0,550.0,0.0,1
Pacifica,CA,1.0,1800.0,1800.0,0.0,1
Paducah,KY,1.0,610.0,610.0,7.0710678118654755,2
Paducah,KY,2.0,750.0,750.0,0.0,1
Pahrump,NV,2.0,900.0,858.3333333333334,94.64847243000456,3
Pahrump,NV,3.0,700.0,700.0,141.4213562373095,2
Palestine,TX,1.0,675.0,675.0,0.0,1
Palm Coast,FL,2.0,949.0,949.0,0.0,1
Palm Coast,FL,3.0,1119.0,1119.0,0.0,1
Palm Desert,CA,3.0,2220.0,2220.0,0.0,1
Palm Harbor,FL,1.0,1113.0,1113.0,0.0,1
Palm Harbor,FL,2.0,1379.0,1379.0,69.29646455628166,2
Palm Springs,CA,2.0,3000.0,3000.0,0.0,1
Palo Alto,CA,0.0,2200.0,2200.0,0.0,1
Palo Alto,CA,1.0,2547.5,2547.5,357.0889244992065,2
Palo Alto,CA,2.0,3900.0,4516.666666666667,1290.671659769956,3
Palo Alto,CA,3.0,6800.0,7133.333333333333,2218.858565419016,3
Palo Cedro,CA,3.0,1495.0,1495.0,0.0,1
Pampa,TX,1.0,475.0,475.0,0.0,1
Pampa,TX,2.0,595.0,595.0,0.0,1
Panama City Beach,FL,2.0,1550.0,1550.0,0.0,1
Panorama City,CA,1.0,1419.0,1419.0,0.0,1
Paoli,PA,2.0,1695.0,1695.0,0.0,1
Papillion,NE,2.0,1295.0,1295.0,0.0,1
Paragould,AR,1.0,585.0,585.0,0.0,1
Paris,TX,4.0,1695.0,1695.0,0.0,1
Park Ridge,IL,1.0,1090.0,1090.0,0.0,1
Parker,CO,1.0,795.0,795.0,0.0,1
Parkersburg,IA,3.0,1800.0,1800.0,0.0,1
Parsippany,NJ,1.0,2123.0,1890.3333333333333,402.9904878943588,3
Parsippany,NJ,2.0,2337.5,2337.5,724.7844507162113,2
Pasadena,CA,1.0,2325.0,2256.4210526315787,413.09257985609446,19
Pasadena,CA,2.0,2992.0,2915.705882352941,671.6706563400213,17
Pasadena,CA,4.0,4275.0,4275.0,813.1727983645296,2
Pasadena,MD,1.0,1245.0,1338.3333333333333,201.88693205191203,3
Pasadena,MD,3.0,2201.0,2201.0,0.0,1
Pasadena,TX,2.0,880.0,833.3333333333334,129.46943011125572,3
Pasadena,TX,3.0,1092.0,1092.0,0.0,1
Paulden,AZ,1.0,500.0,500.0,0.0,1
Pawtucket,RI,3.0,1190.0,1190.0,0.0,1
Pearland,TX,1.0,1051.0,1051.0,168.2914139223983,2
Pembroke Pines,FL,1.0,1035.0,1063.0,104.84273937664925,3
Pembroke Pines,FL,2.0,1795.0,1795.0,0.0,1
Pendleton,IN,2.0,1199.0,1199.0,0.0,1
Pendleton,SC,4.0,430.0,430.0,0.0,1
Penns Grove,NJ,2.0,1115.0,1115.0,0.0,1
Pennsauken,NJ,1.0,1525.0,1525.0,0.0,1
Pensacola,FL,2.0,950.0,950.0,0.0,1
Pensacola,FL,3.0,1525.0,1525.0,0.0,1
Peoria,AZ,1.0,1020.0,1020.0,0.0,1
Peoria,AZ,2.0,1199.0,1199.0,0.0,1
Peoria,AZ,3.0,1449.0,1294.6666666666667,290.12123902488304,3
Peoria,IL,1.0,795.0,795.0,0.0,1
Perry Hall,MD,2.0,1335.0,1326.6666666666667,67.8847061813877,3
Peru,IN,1.0,650.0,650.0,0.0,1
Petersburg,VA,1.0,914.0,904.25,57.996407934744816,4
Pewaukee,WI,1.0,1090.0,1090.0,0.0,1
Pflugerville,TX,1.0,975.0,962.75,58.13961029895441,8
Pflugerville,TX,2.0,956.5,1138.25,401.8120414654925,4
Pflugerville,TX,3.0,1875.0,1771.0,464.03663648466375,5
Philadelphia,PA,1.0,1350.0,1272.7777777777778,357.40989083314344,18
Philadelphia,PA,2.0,1712.5,1686.0,368.11254000001566,20
Philadelphia,PA,3.0,1929.5,2468.1666666666665,1316.6222566350102,6
Phoenix,AZ,0.0,914.5,914.5,50.204581464244875,2
Phoenix,AZ,1.0,1040.0,991.3548387096774,258.07241211038644,31
Phoenix,AZ,2.0,1250.0,1220.357142857143,247.19957902094376,14
Phoenix,AZ,3.0,1449.5,1587.25,713.2088871198022,4
Phoenix,AZ,4.0,1300.0,1300.0,0.0,1
Pico Rivera,CA,1.0,1460.0,1518.0,130.0884314610642,3
Pico Rivera,CA,2.0,1417.0,1450.3333333333333,75.71877794400363,3
Pierre,SD,1.0,795.0,795.0,0.0,1
Pierre,SD,2.0,736.0,736.0,0.0,1
Pikesville,MD,2.0,1340.0,1340.0,77.78174593052023,2
Piketon,OH,3.0,645.0,645.0,0.0,1
Pine Valley,UT,2.0,1520.0,1520.0,0.0,1
Pingree Grove,IL,3.0,1995.0,1995.0,0.0,1
Piqua,OH,2.0,709.0,709.0,0.0,1
Piscataway,NJ,1.0,1425.0,1425.0,0.0,1
Pitman,NJ,2.0,1050.0,1050.0,0.0,1
Pittsburgh,PA,0.0,922.5,922.5,38.890872965260115,2
Pittsburgh,PA,1.0,930.0,1023.9090909090909,344.75414415699186,22
Pittsburgh,PA,2.0,1386.0,1482.1176470588234,641.7963931763077,17
Pittsburgh,PA,3.0,1695.0,1784.4285714285713,563.46187600785,7
Placentia,CA,1.0,1589.0,1589.0,0.0,1
Placentia,CA,2.0,2227.5,2227.5,307.59144981614816,2
Plainfield,IN,1.0,834.0,834.0,0.0,1
Plainfield,IN,2.0,797.5,797.5,109.60155108391487,2
Plainfield,NJ,1.0,1294.0,1294.0,203.64675298172568,2
Plainfield,NJ,2.0,1825.0,1825.0,0.0,1
Plainsboro,NJ,1.0,1247.5,1292.0,117.54904413808636,10
Plainsboro,NJ,2.0,1755.0,1745.375,112.09554279401884,8
Plano,TX,1.0,1044.5,1044.5,7.7781745930520225,2
Plano,TX,2.0,1301.0,1333.6666666666667,103.92465219250597,3
Plano,TX,3.0,1145.0,1481.6666666666667,667.0894492744832,3
Plano,TX,4.0,2300.0,2300.0,0.0,1
Plant City,FL,1.0,880.0,880.0,0.0,1
Platte City,MO,2.0,900.0,900.0,0.0,1
Platteville,WI,1.0,920.0,920.0,0.0,1
Plattsmouth,NE,2.0,740.0,740.0,0.0,1
Playa Del Rey,CA,1.0,2450.0,2450.0,0.0,1
Playa Del Rey,CA,2.0,3739.0,3739.0,0.0,1
Pleasanton,CA,4.0,3200.0,3200.0,0.0,1
Pleasanton,TX,1.0,1195.0,1195.0,0.0,1
Plymouth,IN,2.0,935.0,935.0,0.0,1
Plymouth,MA,1.0,1775.0,1775.0,0.0,1
Plymouth,MA,2.0,2200.0,2200.0,0.0,1
Plymouth,MA,3.0,2700.0,2700.0,0.0,1
Plymouth,MN,1.0,1272.5,1228.5,145.5300656221937,4
Plymouth,MN,2.0,1422.0,1422.0,250.31580054003783,2
Plymouth,MN,3.0,1495.0,1495.0,0.0,1
Plymouth,WI,3.0,1053.0,1053.0,0.0,1
Pompano Beach,FL,2.0,1100.0,1100.0,0.0,1
Ponte Vedra,FL,3.0,2300.0,2300.0,0.0,1
Pontiac,MI,1.0,675.0,675.0,0.0,1
Pontiac,MI,2.0,1012.5,1012.5,265.1650429449553,2
Poplar Bluff,MO,2.0,750.0,750.0,0.0,1
Port Arthur,TX,1.0,573.0,566.75,178.40473648420885,4
Port Arthur,TX,2.0,750.0,678.3333333333334,348.0780563800788,3
Port Chester,NY,1.0,2282.0,2282.0,25.45584412271571,2
Port Orange,FL,1.0,894.0,894.0,0.0,1
Port Orchard,WA,1.0,1260.0,1260.0,0.0,1
Port Richey,FL,1.0,885.0,885.0,0.0,1
Port Richey,FL,3.0,1199.0,1199.0,0.0,1
Port Saint Lucie,FL,1.0,1072.5,1072.5,456.08387386532314,2
Port Saint Lucie,FL,2.0,1702.0,1702.0,0.0,1
Portage,IN,2.0,921.0,921.0,0.0,1
Porter,TX,3.0,1349.0,1349.0,0.0,1
Porter,TX,4.0,1399.0,1399.0,0.0,1
Porterville,CA,1.0,1195.0,1195.0,0.0,1
Portland,OR,0.0,1125.0,1196.888888888889,141.88062274712186,9
Portland,OR,1.0,1295.0,1338.2075471698113,295.9880687882905,53
Portland,OR,2.0,1352.5,1523.4117647058824,435.5659583803832,34
Portland,OR,3.0,2395.0,2596.1111111111113,777.2177050936958,9
Portland,OR,4.0,2745.0,2860.0,370.10809231898725,6
Portland,OR,5.0,3145.0,3145.0,212.13203435596427,2
Portsmouth,NH,1.0,1100.0,1100.0,0.0,1
Portsmouth,NH,2.0,1447.5,1447.5,67.17514421272202,2
Portsmouth,OH,1.0,550.0,550.0,0.0,1
Portsmouth,VA,1.0,844.0,844.0,8.48528137423857,2
Portsmouth,VA,2.0,1000.0,1000.0,282.842712474619,2
Post Falls,ID,3.0,1900.0,1900.0,0.0,1
Potomac,MD,1.0,800.0,800.0,0.0,1
Potomac,MD,6.0,11000.0,11000.0,0.0,1
Pottstown,PA,2.0,675.0,675.0,0.0,1
Poulsbo,WA,1.0,1645.0,1645.0,0.0,1
Powder Springs,GA,3.0,1400.0,1400.0,0.0,1
Prairie Village,KS,1.0,1120.5,1120.5,79.90306627407988,2
Prairie Village,KS,2.0,630.0,630.0,0.0,1
Prairie Village,KS,5.0,2200.0,2200.0,0.0,1
Presto,PA,1.0,1020.0,1020.0,0.0,1
Presto,PA,2.0,1373.5,1373.5,17.67766952966369,2
Princeton,NJ,1.0,1982.5,2033.0,267.6159294853087,8
Princeton,NJ,2.0,2980.0,2845.4285714285716,474.32508442447545,7
Princeton,NJ,3.0,2503.0,2541.3333333333335,94.52160246913581,3
Princeton Junction,NJ,1.0,1587.0,1609.0,181.0055247775603,3
Princeton Junction,NJ,2.0,1885.0,1885.0,0.0,1
Providence,RI,0.0,1150.0,1150.0,0.0,1
Providence,RI,1.0,1535.5,1535.5,311.8340905032675,2
Providence,RI,2.0,2095.0,2095.0,0.0,1
Providence,RI,3.0,2013.0,2013.0,0.0,1
Providence,RI,7.0,7700.0,7700.0,0.0,1
Provo,UT,2.0,1545.0,1545.0,0.0,1
Pueblo,CO,2.0,745.0,745.0,0.0,1
Pulaski,WI,2.0,800.0,800.0,0.0,1
Purvis,MS,2.0,875.0,875.0,0.0,1
Puyallup,WA,1.0,1255.0,1255.0,0.0,1
Quincy,MA,2.0,2966.0,2966.0,0.0,1
Racine,WI,1.0,800.0,800.0,0.0,1
Radnor,PA,1.0,1995.0,1995.0,0.0,1
Rahway,NJ,1.0,974.0,974.0,0.0,1
Rahway,NJ,2.0,1810.0,1810.0,91.92388155425118,2
Raleigh,NC,1.0,999.0,1078.2758620689656,290.9132046003368,29
Raleigh,NC,2.0,1129.5,1217.2941176470588,315.0937839622071,34
Raleigh,NC,3.0,1385.0,1403.75,281.53190633694487,8
Raleigh,NC,4.0,1700.0,1700.0,141.4213562373095,2
Raleigh,NC,5.0,2250.0,2250.0,0.0,1
Ramona,CA,3.0,1750.0,1750.0,0.0,1
Ramsey,MN,2.0,1135.0,1135.0,0.0,1
Ramsey,NJ,1.0,2112.0,2112.0,0.0,1
Rancho Cucamonga,CA,1.0,1570.0,1570.0,0.0,1
Rancho Palos Verdes,CA,1.0,2995.0,2995.0,0.0,1
Rancho Palos Verdes,CA,2.0,2825.0,2825.0,0.0,1
Rancho Santa Margarita,CA,2.0,1100.0,1100.0,0.0,1
Rancho Santa Margarita,CA,3.0,3050.0,3050.0,0.0,1
Randallstown,MD,1.0,1005.0,967.5,123.99596767637244,4
Randallstown,MD,2.0,1120.0,1106.25,55.59740487263259,8
Randolph,MA,1.0,1550.0,1550.0,0.0,1
Rapid City,SD,1.0,764.5,764.5,28.991378028648448,2
Rapid City,SD,2.0,835.0,835.0,0.0,2
Rapid City,SD,4.0,1750.0,1750.0,0.0,1
Raymond,NH,1.0,1145.0,1145.0,0.0,1
Raynham,MA,1.0,995.0,995.0,0.0,1
Raytown,MO,2.0,820.0,820.0,0.0,1
Reading,MA,2.0,2395.0,2395.0,0.0,1
Reading,PA,1.0,750.0,750.0,0.0,1
Red Bluff,CA,3.0,2700.0,2700.0,0.0,1
Red Oak,IA,1.0,395.0,395.0,0.0,1
Redding,CA,2.0,1015.0,1015.0,0.0,1
Redmond,WA,1.0,1750.0,1892.4285714285713,434.72629593912586,7
Redmond,WA,2.0,2101.0,2244.2,363.5673252645238,5
Redmond,WA,3.0,2800.0,2800.0,0.0,1
Redmond,WA,5.0,4045.0,4045.0,0.0,1
Redmond,WA,6.0,7000.0,7000.0,0.0,1
Redondo Beach,CA,1.0,2495.0,2431.25,462.8782237262842,4
Redondo Beach,CA,2.0,2667.0,2781.3333333333335,916.2588426130833,6
Redwood City,CA,3.0,5200.0,5200.0,0.0,1
Reeds Spring,MO,3.0,1350.0,1350.0,0.0,1
Reisterstown,MD,1.0,940.0,940.0,0.0,1
Reisterstown,MD,2.0,1330.0,1266.6666666666667,136.5039681962885,3
Reisterstown,MD,3.0,1515.0,1515.0,0.0,1
Reno,NV,1.0,1115.0,1115.2,127.53544169715687,10
Reno,NV,2.0,1399.5,1431.75,284.6534442674694,4
Reno,NV,3.0,1837.0,1819.6666666666667,784.1436943145901,3
Reno,NV,4.0,2120.0,2120.0,35.35533905932738,2
Renton,WA,1.0,1364.0,1469.4736842105262,247.09453171274183,19
Renton,WA,2.0,1690.0,1639.7142857142858,206.89589674015312,14
Renton,WA,3.0,1966.0,2025.25,269.6508545013966,4
Renton,WA,4.0,2800.0,2800.0,0.0,1
Reseda,CA,1.0,1475.0,1475.0,0.0,1
Reston,VA,1.0,1565.0,1565.0,0.0,1
Reston,VA,3.0,2212.0,2212.0,407.29350596345137,2
Revere,MA,1.0,1825.0,1825.0,35.35533905932738,2
Rexburg,ID,1.0,809.0,809.0,0.0,1
Reynoldsburg,OH,2.0,675.0,675.0,0.0,1
Rialto,CA,1.0,1100.0,1100.0,0.0,1
Richardson,TX,1.0,1196.0,1229.6666666666667,83.73967598058483,3
Richardson,TX,2.0,1254.0,1254.0,138.59292911256333,2
Richardson,TX,3.0,1812.5,1812.5,194.45436482630058,2
Richmond,CA,0.0,3000.0,3000.0,0.0,1
Richmond,CA,2.0,2600.0,2770.3333333333335,593.1360158794383,3
Richmond,TX,4.0,1824.5,1824.5,106.77312395916867,2
Richmond,VA,1.0,995.0,1100.7142857142858,237.17202918677282,7
Richmond,VA,2.0,1275.0,1627.3333333333333,775.1687988216933,6
Richmond,VA,3.0,1272.0,1272.0,603.8691911333116,2
Ridgecrest,CA,3.0,1750.0,1750.0,0.0,1
Ridgefield,WA,3.0,1795.0,1795.0,0.0,2
Ridgewood,NY,1.0,1600.0,1600.0,0.0,1
Ridgewood,NY,2.0,1999.5,1999.5,0.7071067811865476,2
Ridley Park,PA,2.0,1250.0,1250.0,0.0,1
Ripon,WI,2.0,845.0,845.0,0.0,1
Ripon,WI,3.0,917.5,917.5,45.96194077712559,2
Riverdale,MD,1.0,1242.0,1242.0,0.0,2
Riverside,CA,1.0,1622.5,1448.75,494.9810602437228,4
Riverside,CA,2.0,1515.0,1596.6666666666667,163.57974609753288,3
Riverside,CA,3.0,2195.0,2195.0,0.0,1
Riverton,NJ,2.0,1638.0,1626.6666666666667,38.27967258654828,3
Riverton,UT,3.0,1495.0,1495.0,0.0,1
Riverton,UT,4.0,1700.0,1700.0,0.0,1
Riverview,FL,1.0,807.5,807.5,81.31727983645297,2
Riverview,FL,3.0,1574.5,1555.75,130.24944017793962,4
Roanoke,VA,2.0,680.0,743.3333333333334,136.50396819628847,3
Rochester,MN,1.0,810.0,808.3333333333334,87.51190395216716,3
Rochester,MN,2.0,1023.0,1019.0,109.59927007056206,4
Rochester,NY,1.0,1040.0,1019.3333333333334,91.76237427907658,3
Rochester,NY,3.0,1075.0,1075.0,35.35533905932738,2
Rochester,NY,4.0,1400.0,1400.0,0.0,1
Rochester Hills,MI,2.0,1949.0,1949.0,0.0,1
Rock Hill,SC,3.0,1595.0,1595.0,0.0,1
Rock Island,IL,3.0,950.0,950.0,0.0,1
Rockford,IL,1.0,650.0,650.0,0.0,1
Rockville,MD,1.0,1665.0,1676.857142857143,268.64997584926283,7
Rockville,MD,2.0,1849.0,1931.5714285714287,256.715703417131,7
Rockville,MD,3.0,1559.0,1559.0,0.0,1
Rocky Hill,CT,2.0,1272.0,1272.0,0.0,1
Rocky Mount,NC,1.0,635.0,635.0,0.0,1
Rocky Mount,NC,2.0,575.0,575.0,0.0,1
Rogers,AR,2.0,875.0,911.0,149.29166085217219,3
Rogers,AR,3.0,1100.0,1100.0,0.0,1
Rogersville,MO,1.0,575.0,575.0,0.0,1
Rolla,MO,1.0,800.0,800.0,0.0,1
Rolla,MO,3.0,1295.0,1295.0,0.0,2
Roseland,NJ,1.0,2693.0,2693.0,0.0,1
Roseland,NJ,2.0,3110.0,3110.0,0.0,1
Roselle Park,NJ,1.0,1375.0,1375.0,0.0,1
Rosemead,CA,1.0,2689.0,2689.0,0.0,1
Rosemount,MN,4.0,2700.0,2700.0,0.0,1
Rosenberg,TX,4.0,1325.0,1325.0,0.0,1
Roseville,CA,2.0,1550.0,1550.0,0.0,1
Roswell,GA,1.0,829.5,867.75,110.79807888999831,8
Roswell,GA,2.0,1257.5,1300.375,203.41789322897404,8
Roswell,GA,3.0,1855.5,1855.5,9.192388155425117,2
Rotterdam,NY,1.0,1350.0,1350.0,0.0,1
Round Hill,VA,4.0,2395.0,2395.0,0.0,1
Round Rock,TX,1.0,992.0,988.2727272727273,74.0014039880852,22
Round Rock,TX,2.0,1149.0,1187.6,253.80885196015788,10
Round Rock,TX,3.0,1175.0,1175.0,318.1980515339464,2
Round Rock,TX,4.0,2395.0,2395.0,0.0,1
Rowlett,TX,3.0,1795.0,1795.0,0.0,1
Royal Oak,MI,1.0,932.5,932.5,53.033008588991066,2
Royal Oak,MI,2.0,2512.5,2512.5,265.1650429449553,2
Royal Oak,MI,3.0,2500.0,2500.0,0.0,1
Ruskin,FL,1.0,1425.0,1425.0,0.0,1
Ruskin,FL,3.0,1437.0,1437.0,16.97056274847714,2
Ruston,LA,2.0,700.0,700.0,0.0,1
Ruston,LA,3.0,1250.0,1250.0,212.13203435596427,2
Rutland,VT,2.0,950.0,950.0,0.0,1
Rye,NY,3.0,4395.0,4395.0,0.0,1
Sacramento,CA,0.0,2400.0,2400.0,0.0,1
Sacramento,CA,1.0,1287.5,1439.25,367.81188579671175,4
Sacramento,CA,2.0,1867.5,2182.5,1335.1061131360807,4
Sacramento,CA,3.0,1699.0,1699.0,0.0,1
Saginaw,MI,1.0,575.0,575.0,0.0,1
Saginaw,MI,2.0,704.5,704.5,28.991378028648448,2
Saginaw,MI,3.0,1365.0,1365.0,0.0,1
Saginaw,TX,4.0,1575.0,1575.0,0.0,1
Saint Amant,LA,3.0,1400.0,1400.0,0.0,1
Saint Augustine,FL,3.0,1795.0,1795.0,0.0,1
Saint Augustine,FL,5.0,1995.0,1995.0,0.0,1
Saint Cloud,FL,4.0,1895.0,1838.3333333333333,98.14954576223639,3
Saint Cloud,MN,1.0,855.0,858.3333333333334,170.02450803732188,3
Saint Cloud,MN,2.0,795.0,795.0,0.0,1
Saint Francis,WI,1.0,840.0,840.0,0.0,1
Saint George,UT,1.0,1039.0,1039.0,0.0,1
Saint George,UT,2.0,825.0,825.0,0.0,1
Saint George,UT,3.0,1710.0,1833.75,625.3715562234449,4
Saint George,UT,4.0,1620.0,1736.6666666666667,224.0721609958125,3
Saint George,UT,6.0,2747.5,2747.5,357.0889244992065,2
Saint Johns,FL,4.0,1599.0,1599.0,0.0,1
Saint Joseph,MO,1.0,535.0,535.0,35.35533905932738,2
Saint Joseph,MO,2.0,630.0,630.0,0.0,1
Saint Joseph,MO,3.0,822.0,822.0,181.01933598375618,2
Saint Leonard,MD,5.0,2550.0,2550.0,0.0,1
Saint Louis,MI,2.0,641.0,641.0,0.0,1
Saint Louis,MO,1.0,845.0,905.1290322580645,246.4995932296149,31
Saint Louis,MO,2.0,1300.0,1336.2857142857142,352.1678857877586,14
Saint Louis,MO,3.0,1922.5,1937.8333333333333,517.4844603141883,6
Saint Louis Park,MN,1.0,1450.0,1393.4545454545455,287.4440340784145,11
Saint Louis Park,MN,2.0,1692.5,1816.0,544.1942055308319,4
Saint Marys,GA,1.0,895.0,895.0,0.0,1
Saint Paul,MN,1.0,1395.0,1340.0,162.91101865742544,11
Saint Paul,MN,2.0,1289.0,1338.5555555555557,170.03390184836016,9
Saint Petersburg,FL,1.0,979.5,988.0,105.97924325074227,6
Saint Petersburg,FL,2.0,1239.0,1201.75,326.4520128084167,4
Saint Petersburg,FL,4.0,1549.0,1549.0,0.0,1
Salem,NH,2.0,1784.0,1784.0,0.0,1
Salem,OR,1.0,962.5,977.5,311.7825096655252,4
Salem,OR,2.0,950.0,940.0,60.6217782649107,3
Salisbury,NC,2.0,770.0,770.0,0.0,1
Salt Lake City,UT,1.0,1035.0,1157.7142857142858,307.95927374527025,21
Salt Lake City,UT,2.0,1230.0,1177.076923076923,200.31161621269894,13
Salt Lake City,UT,3.0,1216.0,1216.0,0.0,1
Sammamish,WA,1.0,1895.0,1895.0,141.4213562373095,2
Sammamish,WA,2.0,1745.0,1797.5,158.98113095584645,4
Sammamish,WA,3.0,2075.0,2073.3333333333335,77.5134396948899,3
San Antonio,TX,0.0,927.0,927.0,74.95331880577403,2
San Antonio,TX,1.0,930.0,963.4892086330935,190.06178884340395,139
San Antonio,TX,2.0,1120.0,1165.9411764705883,363.5224323525708,17
San Antonio,TX,3.0,1325.0,1511.5714285714287,579.3892104128772,21
San Antonio,TX,4.0,1499.0,1681.3333333333333,451.98045680464253,3
San Bernardino,CA,1.0,1222.5,1222.5,173.24116139070415,2
San Clemente,CA,2.0,3000.0,3000.0,0.0,1
San Clemente,CA,3.0,3400.0,3400.0,0.0,1
San Diego,CA,0.0,1624.5,1661.0,284.7466710370231,4
San Diego,CA,1.0,1746.0,1807.4375,408.8611775407394,16
San Diego,CA,2.0,2245.0,2313.277777777778,430.50091283028934,18
San Diego,CA,3.0,3595.0,3613.777777777778,1015.5120355980248,9
San Diego,CA,4.0,2699.0,2699.0,0.0,1
San Diego,CA,5.0,3600.0,3600.0,565.685424949238,2
San Diego,CA,6.0,7600.0,7600.0,0.0,1
San Francisco,CA,0.0,2245.0,2456.6666666666665,1090.9682693396185,18
San Francisco,CA,1.0,3495.0,3518.3859649122805,810.4773230807078,57
San Francisco,CA,2.0,3995.0,3908.8260869565215,1101.5948212467358,23
San Francisco,CA,3.0,5695.0,5830.8,1044.424817782496,5
San Francisco,CA,5.0,7400.0,7400.0,0.0,1
San Jose,CA,1.0,1650.0,1555.0,303.85029208476993,3
San Jose,CA,2.0,2900.0,2823.75,563.8465364500049,4
San Jose,CA,3.0,3399.0,3122.6,800.8625350208362,5
San Jose,CA,4.0,5500.0,5500.0,1414.213562373095,2
San Jose,CA,5.0,4900.0,4900.0,0.0,1
San Juan Capistrano,CA,1.0,1850.0,1850.0,0.0,1
San Juan Capistrano,CA,5.0,5499.0,5499.0,0.0,1
San Leandro,CA,1.0,1600.0,1600.0,0.0,1
San Leandro,CA,2.0,1997.5,1997.5,427.79960261786124,2
San Leandro,CA,4.0,4000.0,4000.0,0.0,1
San Leandro,CA,5.0,3400.0,3400.0,0.0,1
San Luis Obispo,CA,1.0,1575.0,1575.0,0.0,1
San Luis Obispo,CA,3.0,2835.0,2835.0,480.83261120685233,2
San Marcos,CA,1.0,1237.5,1237.5,371.23106012293744,2
San Marcos,CA,2.0,1697.5,1697.5,3.5355339059327378,2
San Marcos,TX,1.0,942.5,966.5833333333334,80.64000623797476,12
San Marcos,TX,2.0,975.0,931.3333333333334,92.57609482654435,3
San Marcos,TX,4.0,2000.0,2000.0,0.0,1
San Mateo,CA,1.0,3528.0,3528.0,0.0,1
San Mateo,CA,2.0,3747.5,3747.5,350.017856687341,2
San Pablo,CA,1.0,1657.5,1657.5,767.2108575874041,2
San Pedro,CA,1.0,2050.0,2050.0,0.0,1
San Pedro,CA,2.0,1450.0,1450.0,0.0,1
San Rafael,CA,1.0,1285.0,1285.0,183.84776310850236,2
San Ramon,CA,1.0,2000.0,2000.0,0.0,1
San Ramon,CA,2.0,2275.0,2275.0,0.0,1
San Ramon,CA,3.0,3000.0,3000.0,0.0,1
San Ramon,CA,5.0,4300.0,4300.0,0.0,1
San Ysidro,CA,3.0,2095.0,2095.0,0.0,1
Sandy,OR,3.0,2000.0,2000.0,212.13203435596427,2
Sandy,UT,1.0,1132.5,1132.5,88.38834764831844,2
Sandy,UT,2.0,1150.0,1150.0,0.0,1
Sanford,FL,1.0,1165.0,1165.0,0.0,1
Santa Ana,CA,1.0,1685.0,1685.0,0.0,1
Santa Barbara,CA,1.0,2825.0,2825.0,35.35533905932738,2
Santa Barbara,CA,3.0,6400.0,6400.0,0.0,1
Santa Clara,CA,1.0,2525.0,2525.0,601.0407640085654,2
Santa Clara,UT,3.0,1370.0,1370.0,0.0,1
Santa Clarita,CA,1.0,1595.0,1595.0,0.0,1
Santa Cruz,CA,1.0,600.0,600.0,0.0,1
Santa Cruz,CA,2.0,3200.0,3200.0,0.0,1
Santa Cruz,CA,4.0,3750.0,3750.0,0.0,1
Santa Fe,NM,1.0,1155.0,1155.0,0.0,1
Santa Monica,CA,0.0,2450.0,2450.0,0.0,1
Santa Monica,CA,1.0,3075.0,2975.5,881.5710408129343,6
Santa Monica,CA,2.0,3800.0,3716.0,697.5937213020196,7
Santa Monica,CA,3.0,4995.0,4995.0,56.568542494923804,2
Santa Rosa,CA,1.0,1895.0,1895.0,282.842712474619,2
Santa Rosa,CA,2.0,2295.0,2295.0,141.4213562373095,2
Santee,CA,1.0,1485.0,1485.0,0.0,1
Santee,CA,2.0,2020.0,2020.0,0.0,1
Sarasota,FL,1.0,1075.0,1202.142857142857,427.9394149376087,7
Sarasota,FL,2.0,1554.5,1884.7,1113.4008013489322,10
Sarasota,FL,3.0,3497.5,3623.5,2211.938591673226,4
Saratoga Springs,NY,1.0,1690.0,1666.0,62.55397669213365,3
Sartell,MN,1.0,887.5,887.5,60.10407640085654,2
Sault Sainte Marie,MI,1.0,667.5,667.5,10.606601717798213,2
Sault Sainte Marie,MI,2.0,705.0,705.0,0.0,1
Sausalito,CA,0.0,3000.0,3000.0,0.0,1
Sausalito,CA,3.0,3850.0,3850.0,0.0,1
Savannah,GA,1.0,890.0,890.0,106.06601717798213,2
Savannah,GA,2.0,874.0,874.0,0.0,1
Savoy,IL,1.0,800.0,800.0,0.0,1
Scappoose,OR,1.0,1100.0,1100.0,0.0,1
Scarborough,ME,2.0,2400.0,2400.0,0.0,1
Schenectady,NY,1.0,1037.5,1037.5,17.67766952966369,2
Schofield,WI,2.0,875.0,875.0,0.0,1
Schofield,WI,3.0,844.0,844.0,0.0,1
Scotch Plains,NJ,2.0,2060.0,2060.0,0.0,1
Scottsdale,AZ,1.0,1009.5,986.0,252.68029866480157,4
Scottsdale,AZ,4.0,7800.0,7800.0,0.0,1
Seal Beach,CA,1.0,1500.0,1500.0,707.1067811865476,2
Seal Beach,CA,2.0,2532.0,2339.25,409.93281969935845,4
Seatac,WA,2.0,1350.0,1350.0,0.0,1
Seattle,WA,0.0,1222.5,1208.3,128.55526265211998,10
Seattle,WA,1.0,1682.5,1679.1,267.3608371496829,30
Seattle,WA,2.0,2050.0,2361.6216216216217,1105.431447981369,37
Seattle,WA,3.0,2550.0,2726.3333333333335,619.274575612466,9
Seattle,WA,5.0,4695.0,4695.0,0.0,1
Sebastian,FL,3.0,1600.0,1600.0,0.0,1
Secane,PA,1.0,979.0,979.0,0.0,1
Selah,WA,2.0,995.0,995.0,0.0,1
Selma,TX,1.0,935.0,935.0,0.0,1
Severn,MD,3.0,1995.0,1995.0,0.0,1
Sewickley,PA,2.0,1475.0,1475.0,0.0,1
Shaker Heights,OH,1.0,1100.0,1100.0,0.0,2
Shaker Heights,OH,2.0,795.0,795.0,0.0,1
Shawnee,KS,1.0,975.0,975.0,0.0,1
Shawnee,KS,2.0,1095.0,1095.0,0.0,1
Shawnee,KS,3.0,1090.0,1090.0,0.0,1
Shawnee,OK,3.0,1250.0,1250.0,0.0,1
Shawnee Mission,KS,1.0,695.0,695.0,0.0,1
Sheboygan,WI,2.0,1213.0,1213.0,335.1686142824235,2
Sheffield Lake,OH,2.0,890.0,890.0,0.0,1
Shelby Township,MI,1.0,853.0,853.0,0.0,1
Shelby Township,MI,2.0,1090.0,1090.0,0.0,1
Shenandoah,IA,2.0,550.0,550.0,0.0,1
Sherman Oaks,CA,1.0,1995.0,1995.0,282.842712474619,2
Sherman Oaks,CA,2.0,2548.0,2522.6666666666665,295.8146942484997,3
Sherman Oaks,CA,3.0,3300.0,3300.0,0.0,1
Sherwood,OR,3.0,1995.0,1995.0,0.0,1
Shorewood,WI,1.0,1350.0,1350.0,0.0,1
Shorewood,WI,2.0,1158.0,1158.0,82.02438661763951,2
Short Hills,NJ,1.0,1832.0,1832.0,0.0,1
Shreveport,LA,1.0,559.5,611.0,244.8199338289266,6
Shreveport,LA,2.0,725.0,725.0,0.0,1
Shreveport,LA,3.0,900.0,958.3333333333334,146.48663192705786,3
Sidney,OH,1.0,665.0,665.0,0.0,1
Sierra Madre,CA,3.0,2095.0,2095.0,0.0,1
Sierra Vista,AZ,2.0,955.0,955.0,0.0,1
Signal Hill,CA,2.0,2000.0,2000.0,0.0,1
Silver Spring,MD,0.0,1489.0,1522.6666666666667,88.44395588921459,3
Silver Spring,MD,1.0,1435.0,1503.6363636363637,211.47778735709937,11
Silver Spring,MD,2.0,1575.0,1593.4166666666667,144.1252348942868,12
Silver Spring,MD,3.0,2067.0,2146.3333333333335,150.5866306593429,3
Silverton,OR,1.0,800.0,800.0,0.0,1
Silverton,OR,2.0,925.0,925.0,0.0,1
Sioux City,IA,1.0,672.0,672.0,39.59797974644666,2
Sioux Falls,SD,1.0,755.0,783.625,115.52030218706709,24
Sioux Falls,SD,2.0,825.0,841.0588235294117,169.33453228307985,17
Sioux Falls,SD,3.0,1172.5,1172.5,109.60155108391487,2
Skillman,NJ,6.0,2890.0,2890.0,0.0,1
Slc,UT,1.0,825.0,825.0,0.0,1
Sleepy Hollow,NY,3.0,3395.0,3395.0,0.0,1
Slidell,LA,1.0,775.0,775.0,0.0,1
Smyrna,GA,1.0,999.0,1033.8,103.88792037575881,5
Smyrna,GA,2.0,1210.0,1267.857142857143,247.97474909852448,7
Smyrna,GA,3.0,1897.0,1868.25,666.5320072334612,4
Smyrna,TN,1.0,1076.0,1076.0,0.0,1
Snellville,GA,2.0,937.5,937.5,53.033008588991066,2
Snellville,GA,3.0,1365.0,1382.0,99.77975746613137,4
Snohomish,WA,2.0,1550.0,1550.0,0.0,1
Snoqualmie,WA,2.0,2025.0,2025.0,212.13203435596427,2
Soldotna,AK,5.0,1800.0,1800.0,0.0,1
Somerdale,NJ,1.0,895.0,905.0,17.320508075688775,3
Somerdale,NJ,2.0,1100.0,1100.0,0.0,1
Somerset,NJ,1.0,1475.0,1475.0,0.0,1
Somerset,NJ,2.0,1360.0,1360.0,0.0,1
Somersworth,NH,1.0,1170.0,1170.0,0.0,1
Somersworth,NH,2.0,1375.0,1375.0,49.49747468305833,2
Somerville,MA,0.0,1975.0,1975.0,0.0,1
Somerville,MA,1.0,2272.5,2143.75,645.1792386616296,4
Somerville,MA,2.0,2341.0,2341.0,0.0,1
Somerville,NJ,1.0,1700.0,1700.0,0.0,1
Sour Lake,TX,2.0,762.5,762.5,123.74368670764582,2
South Burlington,VT,1.0,1650.0,1650.0,0.0,1
South Burlington,VT,2.0,1575.0,1575.0,176.7766952966369,2
South Dartmouth,MA,1.0,1400.0,1400.0,0.0,1
South Easton,MA,2.0,1995.0,1995.0,0.0,1
South Milwaukee,WI,2.0,1200.0,1200.0,0.0,1
South Pasadena,CA,2.0,2200.0,2200.0,0.0,1
South Plainfield,NJ,2.0,1885.0,1833.3333333333333,261.3586297280679,3
South Saint Paul,MN,1.0,979.0,979.0,0.0,1
South Weymouth,MA,1.0,1845.0,1877.0,170.08625262887455,4
South Weymouth,MA,2.0,3500.0,2887.3333333333335,1061.169794770532,3
South Weymouth,MA,3.0,1724.0,1724.0,0.0,1
South Yarmouth,MA,2.0,999.0,999.0,0.0,1
Southfield,MI,1.0,879.0,879.0,0.0,1
Southfield,MI,2.0,1990.0,1990.0,0.0,1
Spanaway,WA,2.0,1150.0,1150.0,0.0,1
Sparks,NV,1.0,915.0,915.0,0.0,1
Sparks,NV,2.0,1705.0,1705.0,0.0,1
Sparks,NV,4.0,1795.0,1795.0,0.0,1
Spencer,OK,3.0,802.0,802.0,0.0,1
Spokane,WA,0.0,680.0,680.0,42.42640687119285,2
Spokane,WA,1.0,725.0,725.0,0.0,2
Spokane,WA,2.0,845.0,1205.0,685.054742338158,3
Spokane,WA,3.0,1250.0,1250.0,0.0,1
Spokane Valley,WA,1.0,750.0,750.0,0.0,1
Spokane Valley,WA,2.0,1000.0,1000.0,212.13203435596427,2
Spring,TX,1.0,900.0,908.0,128.50162126084894,4
Spring,TX,3.0,1399.0,1349.1818181818182,125.00065454374082,11
Spring,TX,4.0,1499.0,1499.0,282.842712474619,2
Spring Hill,FL,1.0,600.0,600.0,0.0,1
Spring Hill,FL,3.0,1549.0,1549.0,0.0,1
Spring Hill,TN,2.0,1004.0,1004.0,0.0,1
Spring Hill,TN,3.0,1449.0,1449.0,0.0,1
Spring Lake,NJ,1.0,1555.0,1555.0,0.0,1
Spring Park,MN,1.0,1667.5,1667.5,307.59144981614816,2
Springdale,AR,1.0,687.5,687.5,123.74368670764582,2
Springdale,AR,2.0,807.5,807.5,17.67766952966369,2
Springfield,MA,2.0,1100.0,1100.0,0.0,1
Springfield,MI,3.0,799.0,799.0,0.0,1
Springfield,MO,1.0,729.0,739.0714285714286,149.60535998507453,14
Springfield,MO,2.0,747.5,1052.1666666666667,648.6124934555814,6
Springfield,MO,3.0,587.5,677.5,212.55480576676092,12
Springfield,MO,4.0,557.0,559.0,15.0996688705415,3
Springfield,NJ,1.0,1476.5,1476.5,85.55992052357225,2
Springfield,NJ,2.0,1738.5,1738.5,102.5304832720494,2
Springfield,NJ,3.0,3150.0,3150.0,0.0,1
Springfield,OH,1.0,590.0,590.0,0.0,1
Springfield,OH,2.0,710.0,710.0,0.0,1
Springfield,VA,1.0,905.0,905.0,502.04581464244876,2
Springtown,TX,3.0,1900.0,1900.0,0.0,1
Stafford,VA,4.0,2325.0,2325.0,601.0407640085654,2
Stafford,VA,5.0,2550.0,2550.0,0.0,1
Stanton,CA,1.0,1540.0,1540.0,0.0,1
Starkville,MS,2.0,1480.0,1480.0,0.0,1
State College,PA,2.0,2324.0,2324.0,1069.1454531540599,2
Stayton,OR,4.0,1595.0,1595.0,0.0,1
Sterling,IL,1.0,570.0,570.0,0.0,1
Sterling,VA,2.0,1962.0,1962.0,0.0,1
Sterling,VA,4.0,2450.0,2450.0,0.0,1
Sterling Heights,MI,1.0,895.0,1294.6666666666667,697.4455773272445,3
Sterling Heights,MI,2.0,1449.0,1449.0,0.0,1
Sterrett,AL,3.0,1295.0,1295.0,0.0,1
Stillwater,OK,2.0,699.0,699.0,0.0,1
Stockbridge,GA,1.0,802.5,802.5,144.95689014324225,2
Stockton,CA,1.0,1099.0,1099.0,0.0,1
Stone Mountain,GA,1.0,736.0,736.0,0.0,1
Stone Mountain,GA,3.0,764.0,764.0,0.0,1
Stoneham,MA,1.0,2315.0,2315.0,0.0,1
Storrs,CT,1.0,1106.0,1106.0,0.0,1
Stoughton,MA,1.0,1650.0,1757.3333333333333,207.93348295388444,3
Stoughton,MA,2.0,2274.0,2160.0,323.43623792024295,3
Stoughton,MA,3.0,2295.0,2295.0,0.0,1
Stow,OH,1.0,975.0,975.0,0.0,1
Stow,OH,2.0,1173.0,1173.0,0.0,1
Stratford,NJ,1.0,695.0,695.0,0.0,1
Stratford,NJ,2.0,1250.0,1250.0,0.0,1
Streetsboro,OH,3.0,1050.0,1050.0,0.0,1
Studio City,CA,1.0,1330.0,1330.0,0.0,1
Sugar Hill,GA,4.0,1699.0,1699.0,0.0,1
Sugar Land,TX,1.0,922.0,903.6,116.09823426736516,5
Sugar Land,TX,2.0,1123.0,1123.0,0.0,1
Sugar Notch,PA,3.0,750.0,750.0,0.0,1
Suitland,MD,1.0,1185.0,1185.0,0.0,1
Suitland,MD,2.0,1337.0,1336.5,11.445523142259598,4
Summit,IL,1.0,695.0,695.0,0.0,1
Sun Prairie,WI,1.0,1065.0,1083.0,94.29740187301027,3
Sun Prairie,WI,2.0,829.0,829.0,0.0,1
Sunland,CA,1.0,1475.0,1475.0,0.0,1
Sunnyvale,CA,1.0,1975.0,1975.0,176.7766952966369,2
Sunnyvale,CA,2.0,2800.0,2800.0,0.0,1
Sunset Valley,TX,2.0,1815.0,1815.0,0.0,1
Surf City,NC,4.0,1750.0,1750.0,0.0,1
Surfside Beach,SC,1.0,645.0,645.0,0.0,1
Surprise,AZ,3.0,1475.0,1475.0,0.0,1
Surprise,AZ,4.0,1525.0,1525.0,0.0,1
Suwanee,GA,1.0,1512.5,1475.0,192.9181913958053,8
Suwanee,GA,2.0,1800.0,1753.75,181.53856339632085,4
Suwanee,GA,4.0,1650.0,1650.0,0.0,1
Swanzey,NH,2.0,1400.0,1400.0,0.0,1
Syracuse,NY,0.0,600.0,600.0,0.0,1
Syracuse,NY,1.0,1025.0,1025.0,0.0,1
Syracuse,NY,3.0,850.0,850.0,0.0,1
Tacoma,WA,1.0,1192.0,1177.25,159.77145135056722,4
Tacoma,WA,2.0,1397.0,1397.0,0.0,1
Takoma Park,MD,1.0,1250.0,1250.0,0.0,1
Talbott,TN,4.0,1500.0,1500.0,0.0,1
Tallahassee,FL,1.0,859.0,841.1,142.47763957118948,10
Tallahassee,FL,2.0,1026.5,1057.0,185.02071956044995,4
Tallahassee,FL,3.0,1172.5,1172.5,420.72853480599576,2
Tallahassee,FL,4.0,1540.0,1540.0,0.0,1
Tallahassee,FL,6.0,2250.0,2250.0,0.0,1
Tampa,FL,1.0,1191.5,1216.2307692307693,321.5160720949803,26
Tampa,FL,2.0,1599.5,1680.8333333333333,595.9397340895023,6
Tampa,FL,3.0,1499.0,1619.2,373.85184231189766,5
Tarpon Springs,FL,3.0,1800.0,1800.0,0.0,1
Tarrytown,NY,1.0,1850.0,1850.0,0.0,1
Taunton,MA,2.0,1275.0,1275.0,35.35533905932738,2
Taylor,MI,1.0,1100.0,1100.0,0.0,1
Taylor,TX,2.0,1450.0,1450.0,0.0,1
Taylorsville,UT,2.0,1060.0,1103.3333333333333,83.8649708360608,3
Tea,SD,2.0,1312.5,1312.5,159.0990257669732,2
Tea,SD,3.0,1350.0,1350.0,0.0,1
Temecula,CA,4.0,2850.0,2850.0,0.0,1
Tempe,AZ,0.0,1240.0,1240.0,0.0,1
Tempe,AZ,1.0,980.0,980.0,28.284271247461902,2
Tempe,AZ,2.0,1018.0,1018.0,0.0,1
Tempe,AZ,3.0,1250.0,1728.3333333333333,885.3859798603846,3
Tempe,AZ,4.0,1499.0,1499.0,0.0,1
Temple Hills,MD,1.0,1130.0,1130.0,0.0,1
Temple Hills,MD,2.0,1263.0,1263.0,0.0,1
Terre Haute,IN,1.0,929.0,929.0,0.0,1
Terrell,TX,1.0,875.0,875.0,0.0,1
Tewksbury,MA,2.0,2365.0,2365.0,0.0,1
Texarkana,TX,1.0,524.5,524.5,6.363961030678928,2
Texarkana,TX,2.0,599.0,669.0,178.0954800100216,4
Texarkana,TX,3.0,1105.0,1105.0,0.0,1
Thomasville,NC,3.0,640.0,640.0,0.0,1
Thornton,CO,1.0,1087.0,1087.0,299.8132752230961,2
Thornton,CO,2.0,1477.5,1477.5,908.6322138247135,2
Thornton,CO,4.0,1800.0,1800.0,0.0,1
Thousand Oaks,CA,1.0,1050.0,1050.0,0.0,1
Thousand Oaks,CA,3.0,2000.0,2000.0,0.0,1
Tigard,OR,1.0,1035.0,1035.0,0.0,1
Tigard,OR,2.0,1273.5,1273.5,30.405591591021544,2
Tipp City,OH,2.0,1312.0,1327.0,203.41746893191515,4
Tiverton,RI,1.0,725.0,725.0,0.0,1
Toledo,OH,1.0,654.5,643.75,139.67487758566833,8
Toledo,OH,2.0,850.0,872.0909090909091,295.80211444323885,11
Toledo,OH,3.0,1025.0,1025.0,318.1980515339464,2
Tolleson,AZ,4.0,1549.0,1549.0,0.0,1
Toluca Lake,CA,2.0,2275.0,2275.0,0.0,1
Tomball,TX,1.0,714.5,714.5,161.92745289171938,2
Tomball,TX,3.0,1449.0,1449.0,0.0,1
Topeka,KS,1.0,635.0,628.3333333333334,30.550504633038923,3
Torrance,CA,1.0,1562.5,1562.5,371.23106012293744,2
Torrance,CA,2.0,1812.5,1880.0,183.3484842224409,4
Torrance,CA,3.0,4195.0,4195.0,0.0,1
Torrance,CA,4.0,3995.0,3995.0,0.0,1
Towson,MD,1.0,1240.0,1240.0,0.0,1
Towson,MD,2.0,1315.0,1315.0,0.0,1
Traverse City,MI,2.0,919.0,919.0,0.0,1
Trenton,NJ,1.0,1300.0,1371.0,211.52423029052724,5
Trenton,NJ,2.0,1995.0,2008.3333333333333,615.1083915322025,3
Trenton,OH,4.0,1595.0,1595.0,0.0,1
Troutdale,OR,1.0,1100.0,1100.0,0.0,1
Troutdale,OR,2.0,1550.0,1550.0,0.0,1
Troy,NY,1.0,1150.0,1091.6666666666667,242.81337140555775,3
Troy,NY,2.0,1265.0,1265.0,0.0,1
Troy,OH,1.0,865.0,865.0,0.0,1
Troy,OH,2.0,1005.0,1005.0,0.0,1
Tuckerton,NJ,1.0,1150.0,1150.0,0.0,1
Tuckerton,NJ,2.0,1227.0,1227.0,25.45584412271571,2
Tucson,AZ,0.0,608.5,666.5,158.00949338568236,4
Tucson,AZ,1.0,660.0,774.75,310.1112703530783,16
Tucson,AZ,2.0,1158.5,1158.5,400.92954493277244,2
Tucson,AZ,3.0,1194.0,1194.0,0.0,1
Tukwila,WA,2.0,1875.0,1875.0,0.0,1
Tulare,CA,2.0,1195.0,1195.0,0.0,1
Tulsa,OK,1.0,589.0,712.8461538461538,249.57592236760544,13
Tulsa,OK,2.0,787.5,854.0,185.15939079614623,6
Tulsa,OK,3.0,800.0,916.6666666666666,224.07216099581257,3
Tuscaloosa,AL,1.0,1037.5,1037.5,123.74368670764582,2
Tuscaloosa,AL,2.0,1359.0,2127.1666666666665,2415.210998373986,6
Tuscaloosa,AL,3.0,1500.0,1593.3333333333333,361.75498153676705,6
Tuscaloosa,AL,4.0,1405.0,1405.0,289.9137802864845,2
Tustin,CA,0.0,1350.0,1350.0,0.0,1
Tyler,TX,1.0,602.0,627.2,60.85392345609277,5
Tyler,TX,2.0,802.0,908.8333333333334,426.74414661090157,6
Tyler,TX,3.0,750.0,750.0,0.0,2
Union,NJ,2.0,2025.0,2025.0,0.0,1
Union,NJ,4.0,5000.0,5000.0,0.0,1
Union City,GA,1.0,800.0,800.0,0.0,1
Union City,NJ,2.0,1900.0,1900.0,0.0,1
Union City,NJ,4.0,2895.0,2895.0,0.0,1
Universal City,TX,1.0,1020.0,1020.0,0.0,1
Universal City,TX,2.0,900.0,900.0,0.0,1
Universal City,TX,4.0,1395.0,1395.0,0.0,1
University Place,WA,2.0,1040.0,1040.0,0.0,1
University Place,WA,3.0,1650.0,1650.0,0.0,1
Upland,CA,1.0,1710.0,1655.0,276.63152387246106,3
Upland,CA,2.0,1305.0,1305.0,0.0,1
Upland,CA,3.0,3275.0,3275.0,0.0,1
Upper Darby,PA,1.0,757.5,757.5,95.45941546018392,2
Upper Marlboro,MD,2.0,1945.0,1945.0,0.0,1
Upper Marlboro,MD,3.0,1989.0,1989.0,0.0,1
Urbana,IL,1.0,630.0,635.0,39.52847075210475,5
Urbana,IL,2.0,940.0,1051.0714285714287,349.65003696789216,14
Urbana,IL,3.0,2385.0,2385.0,0.0,1
Urbana,IL,4.0,1775.0,1775.0,176.7766952966369,2
Urbana,IL,5.0,2000.0,2000.0,0.0,1
Urbana,IL,8.0,4000.0,4000.0,0.0,1
Urbandale,IA,1.0,720.0,720.0,56.568542494923804,2
Urbandale,IA,2.0,772.5,772.5,31.81980515339464,2
Urbandale,IA,3.0,1695.0,1695.0,0.0,1
Utica,NY,1.0,1400.0,1400.0,0.0,1
Vacaville,CA,1.0,1929.0,1929.0,0.0,1
Vacaville,CA,2.0,1600.0,1600.0,0.0,1
Vadnais Heights,MN,1.0,995.0,995.0,0.0,1
Vadnais Heights,MN,2.0,1325.0,1325.0,0.0,1
Valdosta,GA,1.0,850.0,850.0,0.0,1
Valdosta,GA,2.0,1250.0,1250.0,0.0,1
Valdosta,GA,3.0,1500.0,1500.0,0.0,1
Vallejo,CA,1.0,1249.5,1249.5,423.556961930742,2
Vallejo,CA,2.0,2100.0,2100.0,0.0,1
Valley Village,CA,1.0,1650.0,1814.6666666666667,333.9765460827052,3
Valley Village,CA,2.0,1975.0,2283.0,533.4716487312143,3
Valrico,FL,4.0,1499.0,1499.0,0.0,1
Van Buren,AR,1.0,510.0,510.0,0.0,1
Van Nuys,CA,1.0,1650.0,1650.0,0.0,1
Van Nuys,CA,2.0,2155.0,2155.0,0.0,1
Van Wert,OH,2.0,539.0,539.0,0.0,1
Vancouver,WA,1.0,1135.0,1188.0,245.01924122694643,15
Vancouver,WA,2.0,1315.0,1322.7142857142858,139.2476382632925,7
Vancouver,WA,3.0,1695.0,1593.0,304.1710045352778,5
Vancouver,WA,4.0,1895.0,1895.0,0.0,1
Vandalia,OH,2.0,685.0,685.0,0.0,1
Venice,CA,0.0,1800.0,1800.0,0.0,1
Venice,CA,1.0,2895.0,2895.0,0.0,1
Venice,CA,3.0,7000.0,7000.0,0.0,1
Venice,FL,1.0,962.5,962.5,477.29707730091957,2
Venice,FL,2.0,1250.0,1283.3333333333333,104.08329997330667,3
Ventura,CA,1.0,1650.0,1650.0,0.0,1
Ventura,CA,2.0,2350.0,2350.0,0.0,1
Ventura,CA,3.0,2995.0,2995.0,0.0,1
Vermilion,OH,2.0,775.0,775.0,0.0,1
Vernon,CT,2.0,1450.0,1450.0,0.0,1
Vero Beach,FL,1.0,580.0,580.0,0.0,1
Verona,WI,1.0,1237.5,1237.5,45.96194077712559,2
Verona,WI,2.0,1185.0,1340.0,471.9816380609172,4
Vidor,TX,1.0,663.0,663.0,0.0,1
Villa Park,IL,1.0,997.5,997.5,67.17514421272202,2
Villa Rica,GA,1.0,875.0,875.0,0.0,1
Virginia Beach,VA,1.0,1025.0,1048.0,81.71903083125743,5
Virginia Beach,VA,2.0,1156.5,1238.625,260.22020208167646,8
Vista,CA,2.0,1725.0,1716.6666666666667,38.18813079129866,3
Waconia,MN,2.0,916.0,916.0,0.0,1
Wahpeton,ND,2.0,650.0,650.0,0.0,1
Wakefield,MA,1.0,1577.5,1577.5,31.81980515339464,2
Waldorf,MD,1.0,1198.5,1198.5,422.14274836836887,2
Waldorf,MD,2.0,2743.0,2743.0,0.0,1
Walla Walla,WA,2.0,970.0,970.0,0.0,1
Walled Lake,MI,2.0,975.0,975.0,0.0,1
Walnut Creek,CA,1.0,2450.0,2450.0,0.0,1
Walnut Creek,CA,2.0,2388.0,2388.0,0.0,1
Walnut Creek,CA,3.0,2995.0,2995.0,0.0,1
Walnut Creek,CA,4.0,4100.0,4100.0,141.4213562373095,2
Walnut Creek,CA,5.0,4999.0,4999.0,0.0,1
Waltham,MA,2.0,2927.0,2927.0,0.0,1
Wamego,KS,1.0,685.0,685.0,0.0,1
Warren,RI,1.0,1495.0,1495.0,0.0,1
Warsaw,IN,1.0,710.5,710.5,55.86143571373726,2
Washington,DC,0.0,1495.0,1352.0588235294117,396.131050062387,17
Washington,DC,1.0,2000.0,2047.9142857142858,382.8809806952434,35
Washington,DC,2.0,2252.5,2380.9583333333335,704.5191686944871,24
Washington,DC,3.0,3950.0,4190.0,715.8386689750702,3
Washington,DC,5.0,3800.0,3800.0,0.0,1
Washington,MI,1.0,550.0,550.0,0.0,1
Washington,MI,2.0,1395.0,1395.0,0.0,1
Washington,UT,2.0,1035.0,1035.0,0.0,1
Washington,UT,5.0,2370.0,2370.0,0.0,1
Washington Terrace,UT,2.0,950.0,950.0,0.0,1
Washington Township,MI,1.0,1009.0,1009.0,0.0,1
Washington Township,MI,2.0,1329.0,1355.2,156.99426741126572,5
Wasilla,AK,1.0,850.0,850.0,0.0,1
Wasilla,AK,2.0,1199.0,1199.0,0.0,1
Wasilla,AK,3.0,1374.5,1374.5,248.19448019647817,2
Waterbury,CT,2.0,900.0,900.0,0.0,1
Waterloo,IA,1.0,792.0,844.75,193.1844973076256,4
Waterloo,IA,2.0,700.0,933.0,404.4341726412347,3
Watertown,MA,1.0,2375.0,2375.0,0.0,1
Watford City,ND,2.0,1550.0,1550.0,0.0,1
Waukee,IA,3.0,810.0,810.0,0.0,1
Waukegan,IL,1.0,750.0,750.0,0.0,1
Waukesha,WI,2.0,1345.0,1345.0,643.4671708797582,2
Wausau,WI,2.0,998.0,998.0,0.0,1
Wauwatosa,WI,1.0,1280.0,1280.0,0.0,1
Wauwatosa,WI,2.0,1167.5,1167.5,166.17009357883867,2
Waverly,IA,2.0,1095.0,1095.0,0.0,2
Waxhaw,NC,4.0,1675.0,1675.0,0.0,1
Wayne,NJ,1.0,1812.5,1812.5,222.73863607376248,2
Wayne,NJ,2.0,2305.0,2305.0,0.0,2
Wayne,PA,2.0,1925.0,1925.0,0.0,1
Waynesville,MO,1.0,599.0,599.0,0.0,1
Weatherford,TX,3.0,1212.5,1212.5,159.0990257669732,2
Weatogue,CT,1.0,1685.0,1685.0,0.0,1
Webster,TX,1.0,1178.0,1178.0,0.0,1
Wenatchee,WA,2.0,1125.0,1125.0,0.0,1
Weslaco,TX,2.0,620.0,620.0,77.78174593052023,2
Wesley Chapel,FL,1.0,750.0,750.0,0.0,1
West Allis,WI,1.0,975.0,941.0,128.42118205342916,3
West Bend,WI,1.0,645.0,645.0,0.0,1
West Bend,WI,2.0,824.0,824.0,0.0,1
West Caldwell,NJ,2.0,2875.0,2875.0,0.0,1
West Chester,OH,2.0,1271.0,1271.0,113.13708498984761,2
West Columbia,SC,2.0,775.0,775.0,0.0,1
West Columbia,SC,3.0,1275.0,1275.0,0.0,1
West Columbia,SC,4.0,1950.0,1950.0,0.0,1
West Covina,CA,1.0,1745.0,1745.0,0.0,1
West Deptford,NJ,1.0,1125.0,1125.0,0.0,1
West Des Moines,IA,1.0,820.0,821.0,76.1084752179414,5
West Des Moines,IA,2.0,820.0,866.5,162.47922944179666,6
West Fargo,ND,1.0,450.0,450.0,0.0,1
West Hartford,CT,1.0,922.5,922.5,81.31727983645297,2
West Hartford,CT,2.0,1325.0,1325.0,0.0,1
West Haven,UT,1.0,1054.5,1054.5,135.0573952066306,2
West Haven,UT,2.0,1465.0,1465.0,0.0,1
West Hollywood,CA,1.0,2760.0,2968.75,866.4330614652237,4
West Hollywood,CA,2.0,3990.0,4246.0,1434.40492888166,5
West Hollywood,CA,3.0,7750.0,7750.0,353.5533905932738,2
West Lafayette,IN,0.0,799.0,855.75,166.52802566935492,4
West Lafayette,IN,1.0,824.5,821.8888888888889,190.5428433801666,18
West Lafayette,IN,2.0,920.0,949.4,201.0431742057831,20
West Lafayette,IN,3.0,1497.0,1465.3636363636363,332.52767485647644,11
West Lafayette,IN,4.0,1680.0,1708.0,182.92439239569265,7
West Linn,OR,1.0,875.0,875.0,0.0,1
West Linn,OR,2.0,1499.0,1499.0,0.0,1
West Long Branch,NJ,1.0,1932.5,1932.5,194.45436482630058,2
West New York,NJ,1.0,2367.5,2261.6666666666665,425.13135225088564,6
West New York,NJ,2.0,3325.0,3208.3333333333335,526.9693223202529,6
West Orange,TX,1.0,600.0,600.0,0.0,1
West Palm Beach,FL,1.0,1292.0,1292.0,59.39696961966999,2
West Palm Beach,FL,2.0,1740.0,1740.0,0.0,1
West Saint Paul,MN,1.0,1072.0,1072.0,103.23759005323593,2
West Valley City,UT,1.0,1025.0,1025.0,0.0,1
Westbrook,ME,1.0,1325.0,1325.0,0.0,1
Westchase,FL,1.0,1335.0,1335.0,0.0,1
Westerville,OH,2.0,895.0,895.0,0.0,1
Westfield,IN,1.0,767.0,767.0,0.0,1
Westfield,NJ,1.0,1645.0,1645.0,0.0,1
Westfield,NJ,2.0,2105.0,2105.0,0.0,1
Westlake,OH,1.0,1268.0,1268.0,0.0,1
Westlake Village,CA,2.0,2195.0,2195.0,0.0,1
Westland,MI,1.0,825.0,825.0,0.0,1
Westminster,CA,2.0,1895.0,1895.0,169.7056274847714,2
Westminster,CO,1.0,1000.0,1000.0,0.0,1
Westminster,MD,2.0,1272.5,1252.25,111.25159174891236,4
Weston,WI,2.0,1200.0,1200.0,0.0,1
Westwood,NJ,1.0,1807.0,1797.3333333333333,50.20292156173115,3
Wexford,PA,1.0,1166.0,1166.0,0.0,1
Weymouth,MA,1.0,1799.0,1799.0,0.0,1
Weymouth,MA,2.0,1890.0,1890.0,7.0710678118654755,2
Weymouth,MA,3.0,1642.5,1642.5,225.56706319850866,2
Wharton,NJ,1.0,1815.0,1815.0,0.0,1
Wharton,NJ,2.0,1877.5,1877.5,477.29707730091957,2
Wharton,NJ,3.0,2475.0,2475.0,0.0,1
Wheaton,IL,1.0,925.0,925.0,0.0,1
White Bear Lake,MN,2.0,1640.0,1640.0,0.0,1
White Plains,NY,1.0,2350.0,2350.0,0.0,1
White Plains,NY,2.0,2695.0,2695.0,0.0,1
Whitefish Bay,WI,1.0,1691.0,1691.0,0.0,1
Whittier,CA,1.0,1435.0,1435.0,296.98484809834997,2
Whittier,CA,2.0,1821.0,1821.0,383.2518754031088,2
Wichita,KS,0.0,750.0,750.0,0.0,1
Wichita,KS,1.0,842.5,857.5,189.05466581564883,4
Wichita,KS,2.0,749.0,698.0,130.21904622596497,3
Wichita,KS,3.0,750.0,750.0,0.0,1
Wichita,KS,5.0,4500.0,4500.0,0.0,1
Wichita Falls,TX,1.0,565.0,565.0,0.0,1
Wichita Falls,TX,2.0,787.5,787.5,17.67766952966369,2
Wickliffe,OH,1.0,661.0,661.0,0.0,1
Wildomar,CA,2.0,1575.0,1575.0,0.0,1
Wilkes Barre,PA,2.0,705.0,705.0,0.0,1
Williamsport,PA,1.0,2490.0,2490.0,0.0,1
Williamstown,NJ,2.0,1487.5,1487.5,265.1650429449553,2
Willingboro,NJ,1.0,1115.0,1115.0,0.0,1
Willis,TX,4.0,1595.0,1595.0,0.0,1
Williston,ND,3.0,1425.0,1425.0,0.0,1
Willoughby,OH,2.0,865.0,865.0,91.92388155425118,2
Wilmington,DE,1.0,865.0,865.0,56.568542494923804,2
Wilmington,NC,1.0,790.0,790.0,14.142135623730951,2
Wilton,CA,1.0,1005.0,1005.0,0.0,1
Wilton Manors,FL,1.0,1095.0,1095.0,0.0,1
Wimauma,FL,1.0,685.0,685.0,0.0,1
Winchester,VA,2.0,1320.0,1320.0,0.0,1
Windermere,FL,1.0,1483.0,1483.0,0.0,1
Windermere,FL,2.0,1544.5,1537.0,80.97324661063472,4
Windermere,FL,3.0,1895.0,1895.0,0.0,1
Windsor,CO,3.0,1975.0,1975.0,0.0,1
Windsor,PA,3.0,1899.0,1899.0,0.0,1
Windsor,VT,1.0,750.0,750.0,0.0,1
Windsor,WI,1.0,1025.0,1025.0,0.0,1
Winooski,VT,2.0,1625.0,1625.0,35.35533905932738,2
Winsted,CT,1.0,750.0,750.0,0.0,1
Winston Salem,NC,1.0,1252.5,1244.5,90.45993588324058,4
Winston Salem,NC,2.0,892.5,933.0,295.23888632766517,6
Winston Salem,NC,3.0,916.0,916.0,0.0,1
Winter Garden,FL,1.0,1380.0,1380.0,0.0,1
Winter Garden,FL,3.0,2047.0,2047.0,0.0,1
Winter Garden,FL,4.0,2325.0,2325.0,318.1980515339464,2
Winter Park,FL,1.0,1199.0,1199.0,50.0,3
Winter Park,FL,3.0,989.0,1213.0,508.46042127190196,3
Winter Springs,FL,1.0,575.0,575.0,0.0,1
Woburn,MA,1.0,1954.0,1954.0,404.4650788387052,2
Woburn,MA,2.0,2395.0,2395.0,0.0,1
Woodbridge,NJ,2.0,1900.0,1900.0,0.0,1
Woodbridge,VA,1.0,1440.0,1376.625,255.32832504723908,8
Woodbury,MN,1.0,1425.0,1425.0,0.0,1
Woodbury,MN,2.0,1382.5,1382.5,45.96194077712559,2
Woodbury,NJ,1.0,1212.5,1212.5,555.0788232314399,2
Woodbury,NJ,3.0,1890.0,1890.0,0.0,1
Woodinville,WA,1.0,1487.0,1469.6666666666667,37.16629297271031,3
Woodinville,WA,2.0,1530.0,1530.0,0.0,1
Woodland Hills,CA,1.0,1817.5,1643.0,433.1658650755697,4
Woodland Hills,CA,4.0,6900.0,6900.0,0.0,1
Woodstock,GA,1.0,1271.0,1271.0,0.0,1
Woodstock,GA,3.0,1299.0,1299.0,0.0,1
Woodway,TX,4.0,3500.0,3500.0,0.0,1
Wooster,OH,2.0,1059.0,1059.0,0.0,1
Worcester,MA,1.0,1325.0,1325.0,0.0,1
Wyoming,OH,2.0,1500.0,1500.0,0.0,1
Yakima,WA,1.0,770.0,770.0,0.0,1
Yakima,WA,2.0,882.5,882.5,10.606601717798213,2
Yakima,WA,5.0,2995.0,2995.0,0.0,1
Yonkers,NY,1.0,2450.0,2450.0,212.13203435596427,2
York,PA,1.0,1950.0,1950.0,0.0,1
Yorktown,VA,1.0,1281.0,1281.0,0.0,1
Yorktown,VA,3.0,1258.0,1323.5,332.105906802835,4
Yorktown,VA,4.0,2495.0,2495.0,0.0,1
Yorkville,IL,3.0,1745.0,1745.0,70.71067811865476,2
Youngstown,OH,1.0,435.0,435.0,0.0,1
Youngsville,NC,1.0,750.0,750.0,0.0,1
Ypsilanti,MI,1.0,829.0,872.3333333333334,83.8649708360608,3
Ypsilanti,MI,2.0,819.0,819.0,42.42640687119285,2
Ypsilanti,MI,3.0,1399.5,1399.5,282.13560569343247,2
Ypsilanti,MI,4.0,1750.0,1750.0,0.0,1
Yuba City,CA,4.0,1599.0,1599.0,0.0,1
Yukon,OK,1.0,864.0,838.5,84.12886940085826,4
Yukon,OK,3.0,1220.0,1220.0,106.06601717798213,2
Yukon,OK,4.0,1470.0,1470.0,35.35533905932738,2
Yukon,OK,5.0,1895.0,1895.0,0.0,1
Zachary,LA,1.0,1100.0,1100.0,0.0,1
Zachary,LA,2.0,1700.0,1691.6666666666667,14.433756729740628,3
